Bordcode,foto,betekenis,toepassing,folie < 2x2,afmeting uitz,afmeting beb kom,afmeting < 2x2,afmeting > 2x2,afstand,opstelhoogte normaal,opstelhoogte beb kom-parkeerplaats,opstelhoogte boven rijweg,opmerking
A01a,,Gevaarlijke bocht naar links,Slechts bij onverwacht opduikende bochten en bij bochten die gevoelige snelheidsvermindering vergen. Bochten zonder gevaar moeten niet aangeduid worden.,"3.a, 3.b",400,700,900,1100,"150m, 300m op A-wegen met onderbord GIa",1500,2100,,"Mogelijke onderborden: GIa, GII, GXI. Afstand wordt gemeten vanaf begin bocht. Zie DO MOW/AWV 2008/16: ontwerpen en signaleren van bochten."
A01b,,Gevaarlijke bocht naar rechts,Slechts bij onverwacht opduikende bochten en bij bochten die gevoelige snelheidsvermindering vergen. Bochten zonder gevaar moeten niet aangeduid worden.,"3.a, 3.b",400,700,900,1100,"150m, 300m op A-wegen met onderbord GIa",1500,2100,,"Mogelijke onderborden: GIa, GII, GXI. Afstand wordt gemeten vanaf begin bocht. Zie DO MOW/AWV 2008/16: ontwerpen en signaleren van bochten."
A01c,,Gevaarlijke dubbel bocht of opeenvolging van meer dan 2 bochten eerst naar links,Slechts bij onverwacht opduikende bochten en bij bochten die gevoelige snelheidsvermindering vergen. Bochten zonder gevaar moeten niet aangeduid worden.,"3.a, 3.b",400,700,900,1100,"150m, 300m op A-wegen met onderbord GIa",1500,2100,,"Mogelijke onderborden: GIa, GII, GXI. Afstand wordt gemeten vanaf begin bocht. Zie DO MOW/AWV 2008/16: ontwerpen en signaleren van bochten."
A01d,,"Gevaarlijke dubbel bocht of opeenvolging van meer dan 2 bochten, eerst naar rechts",Slechts bij onverwacht opduikende bochten en bij bochten die gevoelige snelheidsvermindering vergen. Bochten zonder gevaar moeten niet aangeduid worden.,"3.a, 3.b",400,700,900,1100,"150m, 300m op A-wegen met onderbord GIa",1500,2100,,"Mogelijke onderborden: GIa, GII, GXI. Afstand wordt gemeten vanaf begin bocht. Zie DO MOW/AWV 2008/16: ontwerpen en signaleren van bochten."
A03,,Gevaarlijke daling,Slechts in geval van minstens 7% daling,"3.a, 3.b",400,700,900,1100,"150m, 300m op A-wegen met onderbord GIa",1500,2100,,"Mogelijke onderborden: GIa, GII, GXI"
A05,,Steile helling,Slechts in geval van minstens 7% helling,"3.a, 3.b",400,700,900,1100,"150m, 300m op A-wegen met onderbord GIa",1500,2100,,"Mogelijke onderborden: GIa, GII, GXI"
A07a,,Rijbaanversmalling,"Slechts rijbaanversmalling van ten minste 1,00 m, die gevaarlijk zijn voor het verkeer. Bij een versmalling van 1 rijstrook gebruikt men bij voorkeur een F97.","3.a, 3.b",400,700,900,1100,"150m, 300m op A-wegen met onderbord GIa",1500,2100,,"Mogelijke onderborden: GIa, GIX"
A07b,,Rijbaanversmalling,"Slechts rijbaanversmalling van ten minste 1,00 m, die gevaarlijk zijn voor het verkeer. Bij een versmalling van 1 rijstrook gebruikt men bij voorkeur een F97.","3.a, 3.b",400,700,900,1100,"150m, 300m op A-wegen met onderbord GIa",1500,2100,,"Mogelijke onderborden: GIa, GIX"
A07c,,Rijbaanversmalling,"Slechts rijbaanversmalling van ten minste 1,00 m, die gevaarlijk zijn voor het verkeer. Bij een versmalling van 1 rijstrook gebruikt men bij voorkeur een F97.","3.a, 3.b",400,700,900,1100,"150m, 300m op A-wegen met onderbord GIa",1500,2100,,"Mogelijke onderborden: GIa, GIX"
A09,,Beweegbare brug,Telkens gevaar voorkomt,"3.a, 3.b",400,700,900,1100,"150m, 300m op A-wegen met onderbord Gia",1500,2100,,"Mogelijke onderborden: GIa, GXI"
A11,,Uitweg op een kaai of een oever,Telkens gevaar voor kanteling naar water voorkomt,"3.a, 3.b",400,700,900,1100,150m,1500,2100,,"Mogelijke onderborden: GIa, GXI"
A13,,Uitholling overdwars of ezelsrug (oneffenheid haaks op richting van verkeer),Slechts in geval van gevoelige snelheidsvermindering. Nooit plaatsen bij spoorvorming.,"3.a, 3.b",400,700,900,1100,"150m, 300m op A-wegen met onderbord GIa",1500,2100,,"Mogelijke onderborden: GIa, GII, GXI"
A14,,Verhoogde inrichting,"Moet en mag slechts geplaatst worden voor alle reglementair aangelegde verhoogde inrichtingen (volgens K.B.), niet in zone 30","3.a, 3.b",400,700,900,1100,150m,1500,2100,,"Mogelijke onderborden: GIa, GII, GXI. Zie K.B. van 9 oktober 1998 en M.O. van 3 mei 2002."
A15,,Glibberige rijbaan,Enkel de plaatsen waar de rijbaan in normale omstandigheden glibberig is of door seizoensgebonden omstandigheden of in bijzondere omstandigheden vermeld op het onderbord GIII,"3.a, 3.b",400,700,900,1100,"150m, 300m op A-wegen met onderbord GIa",1500,2100,,"Mogelijke onderborden: GIa, GII, GXI, GIII (vb: ijzel, nat wegdek, …)"
A17,,Kiezelprojectie,Waar gevaar is voor opspringende steentjes of kiezel,"3.a, 3.b",400,700,900,1100,"150m, 300m op A-wegen met onderbord GIa",1500,2100,,"Mogelijke onderborden: GIa, GII, GXI"
A19,,Vallende stenen,Waar gevaar is voor vallende stenen,"3.a, 3.b",400,700,900,1100,"150m, 300m op A-wegen met onderbord GIa",1500,2100,,"Mogelijke onderborden: GIa, GII, GXI"
A21,,Oversteekplaats voor voetgangers,Verplicht waar snelheid hoger ligt dan 70 km/u. Niet wanneer A23 geplaatst is of aan driekleurige verkeerslichten.,"3.a, 3.b",400,700,900,1100,150m,1500,2100,,"Mogelijke onderborden: GIa, GII, GXI"
A23,,Plaats waar speciaal veel kinderen komen,Verplicht bij nadering van scholen en speelpleinen waar speciaal veel kinderen komen. Bij schoolomgevingen in combinatie met F4a zonder onderborden.,"3.a, 3.b",400,700,900,1100,150m,1500,2100,,"Mogelijke onderborden: GIa, GII, GXI"
A25,,Oversteekplaats voor fietsers en bestuurders van tweewielige bromfietsen en/of plaats waar die bestuurders van een fietspad op de rijbaan komen,Op plaatsen buiten kruispunten waar fietsers en bromfietsers verplicht zijn het fietspad te verlaten en voor fietsoversteekplaatsen buiten de bebouwde kom en die niet bestemd zijn voor het oversteken van een kruispunt,"3.a, 3.b",400,700,900,1100,150m,1500,2100,,"Mogelijke onderborden: GIa, GII, GXI"
A27,,Doortocht van groot wild,"Slechts op de rijbaanvakken waar regelmatig groot wild (herten, reebokken, everzwijnen) oversteekt","3.a, 3.b",400,700,900,1100,"150m, 300m op A-wegen met onderbord GIa",1500,2100,,"Mogelijke onderborden: GIa, GII, GXI"
A29,,Doortocht van vee,Waar regelmatig vee de rijbaan oversteekt,"3.a, 3.b",400,700,900,1100,150m,1500,2100,,"Mogelijke onderborden: GIa, GII, GXI"
A31,,Werken,Bij uitvoering van werken volgens M.B. van 7 mei 1999 betreffende signaleren van werken en verkeersbelemmeringen op de openbare weg,"3.a, 3.b",400,700,900,1100,"150m, 400m op A-wegen met onderbord Gia",1500,2100,,"Mogelijke onderborden: GIa, GII, GXI. Zie M.B. 7/5/1999"
A33,,Verkeerslichten,Verplicht buiten bebouwde kom waar driekleurige verkeerslichten niet kunnen gezien worden vanaf ± 150 m. Uitzonderlijk waar ze wel kunnen gezien worden vanop meer dan 150m,"3.a, 3.b",400,700,900,1100,150m,1500,2100,,"Mogelijke onderborden: GIa, GII, GXI"
A35,,Overtocht van vliegtuigen op geringe hoogte,"In omgeving van vliegveld of luchthaven. Verplicht wanneer vliegtuigen in scheervlucht overvliegen. Dan ook knipperlicht bij A35, verkeerslichten en E03 in gevaarszone","3.a, 3.b",400,700,900,1100,150m,1500,2100,,"Mogelijke onderborden: GIa, GII, GXI"
A37,,Zijwind,Verplicht op rijbaanvakken waarop dikwijls een sterke zijwind waait en waar een windzak is opgesteld.,"3.a, 3.b",400,700,900,1100,"150m, 300m op A-wegen met onderbord GIa",1500,2100,,"Mogelijke onderborden: GIa, GII, GXI"
A39,,Verkeer toegelaten in beide richtingen na een gedeelte van de rijbaan met één richtingsverkeer,Verplicht elk rijbaanvak dat normaal bestemd is voor éénrichtingsverkeer wanneer die rijbaan er tijdelijk opengesteld is voor verkeer in dubbele richting (in dit geval onderbord type II met aanduiding van de lengte van het vak),"3.a, 3.b",400,700,900,1100,"150m, 300m op A-wegen met onderbord GIa",1500,2100,,"Mogelijke onderborden: GIa, GII, GXI"
A41,,Overweg met slagbomen,Verplicht bij openbare overwegen met volledige of gedeeltelijke slagbomen.,"3.a, 3.b",400,700,900,1100,150m,1500,2100,,"Mogelijke onderborden: GIa, GII, GXI"
A43,,Overweg zonder slagbomen.,Verplicht bij overwegen zonder slagbomen.,"3.a, 3.b",400,700,900,1100,150m,1500,2100,,"Mogelijke onderborden:GIa, GII, GXI"
A45,,Overweg voor enkel spoor,Aan of in de onmiddellijke nabijheid van de overweg door de exploitant van de spoorweg,nvt,,,,,,,,,Alle opstellingen gelegen tussen deze verkeersborden zijn in het beheer van de spoorwegexploitant. Steeds met vooraankondiging van A41 of A43. Zie K.B. 11/7/2011
A47,,Overweg voor 2 of meer sporen,Aan of in de onmiddellijke nabijheid van de overweg door de exploitant van de spoorweg,nvt,,,,,,,,,Alle opstellingen gelegen tussen deze verkeersborden zijn in het beheer van de spoorwegexploitant. Steeds met vooraankondiging van A41 of A43. Zie K.B. 11/7/2011
A49,,Kruising van een openbare weg door een of meer in de rijbaan aangelegde sporen,Aan elke kruising,"3.a, 3.b",400,700,900,1100,150m,1500,2100,,"Mogelijke onderborden: GIa, GII, GXI"
A51,,Gevaar dat niet door een speciaal symbool wordt bepaald. Een verplicht onderbord duidt de aard van het gevaar aan,Slechts wanneer geen ander gevaarsbord kan gebruikt worden. Er moet steeds een onderbord GIII de aard van het gevaar aanduiden.,"3.a, 3.b",400,700,900,1100,"150m, 300m op A-wegen met onderbord GIa",1500,2100,,"Mogelijke onderborden: GIa, GII, GIII, GXI"
B01,,Voorrang verlenen,Voorrang verlenen zonder noodzakelijkerwijze te moeten stoppen. Verplicht aan uitgangen van woonerven behalve wanneer dit uitkomt in een zone afgebakend door F4a en F4b. Verplicht aan toegangswegen tot rotondes met D5,"3.a, 3.b",400,700,900,1100,In nabijheid waar voorrang moet worden verleend,1500,2100,,"Mogelijke onderborden: GVIII, M1, M8, M9, M10. In samenhang met B9 of B15 op voorrangswegen behouden uitzonderingen (zie M.B. 11/10/1976 art. 8.1.2°2e par.)"
B03,,Verkeersbord dat het verkeersbord B1 aankondigt op de bij benadering aangeduide afstand,"Moet: indien B1 niet waarneembaar is op 100m, indien weg op vorige kruispunt voorrang had door B15. Moet niet in bebouwde kom en wanneer rijbaan voor kruispunt niet breder is dan 3m. Mag niet wanneer B1 op pad of aardeweg of B11 gebruikt.","3.a, 3.b",400,700,900,1100,150m vóór B1,1500,2100,,Vast onderbord: GIa. Mogelijk onderbord: GVIII
B05,,Stoppen en voorrang verlenen,Mag slechts: waar uitzicht beperkt is om zonder te stoppen voorrang te kunnen verlenen. In samenhang met B9 of B15 behoudens uitzonderingen (zie M.B. 11/10/1976 art. 8.3.3°2e par.),"3.a, 3.b",400,700,900,900,In de onmiddellijke nabijheid waar bestuurders moeten stoppen en voorrang verlenen,1500,2100,,"Mogelijke onderborden: GVIII, M1, M8, M9, M10. Wanneer de verkeerslichten geplaatst zijn ter hoogte van een KP gelegen in de onmiddelike nabijheid van een ander KP dat met 3-kleur is uitgerust."
B07,,Verkeersbord dat het verkeersbord B5 aankondigt op de bij benadering aangeduide afstand,Moet geplaatst worden voor elk bord B5. Moet niet in bebouwde kom en wanneer rijbaan voor kruispunt niet breder is dan 3m. Mag niet wanneer B5 in aardeweg staat of gebruik van B11.,"3.a, 3.b",400,900,900,1100,150m vóór B5,1500,2100,,Vast onderbord: GIb. Mogelijk onderbord: GVIII
B09,,Voorrangsweg,Bij begin van voorrangsweg en na elk kruispunt. Impliceert parkeerverbod op rijbaan buiten bebouwde kom. Niet na pad of aardeweg of betrekking tot fietsers of bromfietsers. Op wegen van lang traject. Niet op rotondes met D5 en weg met B15,2,400,400,400,400. 900 op A-weg,Juist voorbij kruispunt. Op A-weg 150m voorbij einde inloopstrook,1500,2100,,Mogelijk onderbord: GVIII om tracé aan te duiden wanneer uitz. voor kuispunt. Bij begin van voorrangsweg kan afmeting 900 of 700 gebruikt worden. In samenhang met B1/B5 op sec. weg. Behoudens M.B. 11/10/1976 uitz. 8.5.2° en 3°
B11,,Einde van een voorrangsweg,Moet geplaatst worden voor kruispunt op einde voorrangsweg. Mag niet op uitritten van autosnelweg.,2,400,700,700,900,"150m; Einde autoweg op 250m; A-weg: bij einde op 550m, verkeerswisselaar op 50m.",1500,2100,,"Op A-wegen gebruiken wij afmeting van 900. Algemeen kan op andere wegen ook 900 of 700. Afstand plaatsing gemeten tov B1,B5 of B17"
B13,,Aankondiging van B11 op de bij benadering aangeduide afstand,Buiten bebouwde kom wanneer B11 niet waarneembaar is op 250m. Bij nadering van einde van A-weg. Niet indien B11 waarneembaar is op 100m en binnen bebouwde kommen.,2,400,700,700,900,"250m voor kruispunt, niet op uitrit.",1500,2100,,Vast onderbord: GIa. Op A-wegen gebruiken wij een afmeting 900. Op andere wegen 900 of 700.
B15a,,Voorrang,"In samenhang met B1 of B5 op secundaire weg. Moet niet indien B1 of B5 op aardeweg, misverstand op volgend kruispunt, B1 of B5 enkel op fietsers of bromfietsers. Mag niet met B9 of rotonde met D5",2,400,700,900,1100,Voor het kruispunt in de onmiddellijke nabijheid waar bestuurder voorrang heeft,1500,2100,,Mogelijk onderbord: GVIII. Dit onderbord is ook verplicht op de andere takken van het KP.
B15b,,Voorrang,"In samenhang met B1 of B5 op secundaire weg. Moet niet indien B1 of B5 op aardeweg, misverstand op volgend kruispunt, B1 of B5 enkel op fietsers of bromfietsers. Mag niet met B9 of rotonde met D5",2,400,700,900,1100,Voor het kruispunt in de onmiddellijke nabijheid waar bestuurder voorrang heeft,1500,2100,,Mogelijk onderbord: GVIII. Dit onderbord is ook verplicht op de andere takken van het KP.
B15c,,Voorrang,"In samenhang met B1 of B5 op secundaire weg. Moet niet indien B1 of B5 op aardeweg, misverstand op volgend kruispunt, B1 of B5 enkel op fietsers of bromfietsers. Mag niet met B9 of rotonde met D5",2,400,700,900,1100,Voor het kruispunt in de onmiddellijke nabijheid waar bestuurder voorrang heeft,1500,2100,,Mogelijk onderbord: GVIII. Dit onderbord is ook verplicht op de andere takken van het KP.
B15d,,Voorrang,"In samenhang met B1 of B5 op secundaire weg. Moet niet indien B1 of B5 op aardeweg, misverstand op volgend kruispunt, B1 of B5 enkel op fietsers of bromfietsers. Mag niet met B9 of rotonde met D5",2,400,700,900,1100,Voor het kruispunt in de onmiddellijke nabijheid waar bestuurder voorrang heeft,1500,2100,,Mogelijk onderbord: GVIII. Dit onderbord is ook verplicht op de andere takken van het KP.
B15e,,Voorrang,"In samenhang met B1 of B5 op secundaire weg. Moet niet indien B1 of B5 op aardeweg, misverstand op volgend kruispunt, B1 of B5 enkel op fietsers of bromfietsers. Mag niet met B9 of rotonde met D5",2,400,700,900,1100,Voor het kruispunt in de onmiddellijke nabijheid waar bestuurder voorrang heeft,1500,2100,,Mogelijk onderbord: GVIII. Dit onderbord is ook verplicht op de andere takken van het KP.
B15f,,Voorrang,"In samenhang met B1 of B5 op secundaire weg. Moet niet indien B1 of B5 op aardeweg, misverstand op volgend kruispunt, B1 of B5 enkel op fietsers of bromfietsers. Mag niet met B9 of rotonde met D5",2,400,700,900,1100,Voor het kruispunt in de onmiddellijke nabijheid waar bestuurder voorrang heeft,1500,2100,,Mogelijk onderbord: GVIII. Dit onderbord is ook verplicht op de andere takken van het KP.
B15g,,Voorrang,"In samenhang met B1 of B5 op secundaire weg. Moet niet indien B1 of B5 op aardeweg, misverstand op volgend kruispunt, B1 of B5 enkel op fietsers of bromfietsers. Mag niet met B9 of rotonde met D5",2,400,700,900,1100,Voor het kruispunt in de onmiddellijke nabijheid waar bestuurder voorrang heeft,1500,2100,,Mogelijk onderbord: GVIII. Dit onderbord is ook verplicht op de andere takken van het KP.
B17,,Kruispunt (KP) waar de voorrang van rechts geldt,Moet geplaatst worden wanneer op de gevolgde weg op voorgaand KP een B15 is aangebracht of voorbij het KP een bord B9 is geplaatst. Niet op een KP met voorrang van rechts onmiddellijk na rotonde.,"3.a, 3.b",400,700,900,,Vóór het kruispunt in onmiddellijke nabijheid,1500,2100,,"Mogelijke onderborden: M9, M10"
B19,,Smalle doorgang met voorrang voor de weggebruikers uit de tegenovergestelde richting,Mag slechts indien zichtbaarheid van ene uiteinde naar andere volledig is en kruising tussen 2 auto's onmogelijk is en steeds in samenhang met B21. Indien geen volledige zichtbaarheid moeten er uitwijkplaatsen worden voorzien of 3-kleurige lichten.,"3.a, 3.b",400,700,700,,Vóór smalle doorgang,1500,2100,,
B21,,Smalle doorgang met voorrang tov de bestuurders die uit tegenovergestelde richting komen,Mag slechts indien zichtbaarheid van ene uiteinde naar andere volledig is en kruising tussen 2 auto's onmogelijk is en steeds in samenhang met B19. Indien geen volledige zichtbaarheid moeten er uitwijkplaatsen worden voorzien of 3-kleurige lichten.,"3.a, 3.b",,400x600,400x600,,Vóór smalle doorgang,1500,2100,,
B22,,Voorrang verlenen,"Om aan te duiden dat fietsers driekleurige lichten mogen voorbijrijden om rechtdoor te rijden, wanneer het verkeerslicht op rood of oranjegeel staat, op voorwaarde dat zij voorrang verlenen aan de andere weggebruikers","3.a, 3.b",400,700,900,,Onder het driekleurige licht,1500,2100,,Mag enkel geplaatst worden wanneer de fietsers geen verkeerrsstroom moeten dwarsen. Bij voorkeur niet plaatsen op gewestwegen.
B23,,Voorrang verlenen,"Om aan te duiden dat fietsers driekleurige lichten mogen voorbijrijden om rechts af te slaan, wanneer het verkeerslicht op rood of oranjegeel staat, op voorwaarde dat zij voorrang verlenen aan de andere weggebruikers","3.a, 3.b",400,700,900,,Onder het driekleurige licht,1500,2100,,Bij voorkeur niet plaatsen op gewestwegen.
C01,,Verboden richting voor iedere bestuurder,"Geen enkel bijgaand opschrift mag betekenis van C1 beperken, uitgezonderd en indien plaatsgesteldheid het toelaat, voor : openbaar vervoer en fietsers en bromfietsers A. Steeds in combinatie met F19 (fietser + bromfietsers) of met F17/F18 (O.V.)","3.a, 3.b",400,700,700,900,Bij begin verboden richting en na elk KP.,1500,2100,,"Mogelijke onderborden: GIa, GIV, M2, M3, M11, M12. Borden tegen de A-weg aan zijn van een groter type nl. 1100. Zie DIENSTORDER LIN/AWV 2002/5"
C03,,"Verboden toegang, in beide richtingen, voor iedere bestuurder",Voor instelling doorgangsverbod in beide richtingen.,"3.a, 3.b",400,700,700,900,Bij begin verboden richting,1500,2100,,"Mogelijke onderborden: GIV, GIII met opschrift speelstraat. Voor inrichting speelstraat zie M.B. 11/10/1976 art. 9.2.bis."
C05,,Verboden toegang voor bestuurders van motorvoertuigen met meer dan twee wielen en van motorfietsen met zijspan,Voor instelling verboden toegang voor aangeduide bestuurders,"3.a, 3.b",400,700,700,900,Bij begin verboden toegang,1500,2100,,Mogelijk onderbord: GIa. Bibeko max. 3 silhouetten bubeko max. 2 silhouetten per bord.
C06,,"Verboden toegang voor bestuurders van motorvoertuigen met vier wielen, geconstrueerd voor onverhard terrein, met een open carrosserie, een stuur als op een motorfiets en een zadel.",Voor instelling verboden toegang voor aangeduide bestuurders,"3.a, 3.b",400,700,700,900,Bij begin verboden toegang,1500,2100,,Mogelijk onderbord: GIa. Bibeko max. 3 silhouetten bubeko max. 2 silhouetten per bord. Niet te plaatsen op gewestwegen. Zie D.O.  MOW/AWV/2013/1. Zie AVVG nr 101 van 18/1/2012
C07,,Verboden toegang voor bestuurders van motorfietsen,Voor instelling verboden toegang voor aangeduide bestuurders,"3.a, 3.b",400,700,700,900,Bij begin verboden toegang,1500,2100,,Mogelijk onderbord: GIa. Bibeko max. 3 silhouetten bubeko max. 2 silhouetten per bord.
C09,,Verboden toegang voor bestuurders van bromfietsen,Voor instelling verboden toegang voor aangeduide bestuurders,"3.a, 3.b",400,700,700,900,Bij begin verboden toegang,1500,2100,,"Mogelijk onderborden: GIa, GIII. Bibeko max. 3 silhouetten bubeko max. 2 silhouetten per bord. Borden C9-C11 steeds combineren"
C11,,Verboden toegang voor bestuurders van rijwielen,Voor instelling verboden toegang voor aangeduide bestuurders,"3.a, 3.b",400,700,700,900,Bij begin verboden toegang,1000,1000,,Mogelijk onderbord: GIa. Bibeko max. 3 silhouetten bubeko max. 2 silhouetten per bord. Borden C9-C11 steeds combineren
C13,,Verboden toegang voor bestuurders van gespannen,Voor instelling verboden toegang voor aangeduide bestuurders,"3.a, 3.b",400,700,700,900,Bij begin verboden toegang,1500,2100,,Mogelijk onderbord: GIa. Bibeko max. 3 silhouetten bubeko max. 2 silhouetten per bord.
C15,,Verboden toegang voor ruiters,Voor instelling verboden toegang voor ruiters,"3.a, 3.b",400,700,700,900,Bij begin verboden toegang,1500,2100,,Mogelijk onderbord: GIa. Bibeko max. 3 silhouetten bubeko max. 2 silhouetten per bord.
C17,,Verboden toegang voor bestuurders van handkarren,Voor instelling verboden toegang voor aangeduide bestuurders,"3.a, 3.b",400,700,700,900,Bij begin verboden toegang,1000,1000,,Mogelijk onderbord: GIa. Bibeko max. 3 silhouetten bubeko max. 2 silhouetten per bord.
C19,,Verboden toegang voor voetgangers,Voor instelling verboden toegang voor voetgangers,"3.a, 3.b",400,700,700,900,Bij begin verboden toegang,1000,1000,,Mogelijk onderbord: GIa. Bibeko max. 3 silhouetten bubeko max. 2 silhouetten per bord.
C21,,Verboden toegang voor bestuurders van voertuigen waarvan de massa in beladen toestand hoger is dan de aangeduide massa,Voor instelling verboden toegang voor aangeduide bestuurders,"3.a, 3.b",400,700,700,900,Bij begin verboden toegang waar alternatieve reisweg mogelijk is,1500,2100,,Mogelijk onderbord: GIa
C22,,Verboden toegang voor bestuurders van autocars,Voor instelling verboden toegang voor aangeduide bestuurders,"3.a, 3.b",400,700,700,900,Bij begin verboden toegang waar alternatieve reisweg mogelijk is,1500,2100,,Mogelijk onderbord: GIa
C23,,Verboden toegang voor bestuurders van voertuigen gebruikt voor het vervoer van zaken,Voor instelling verboden toegang voor aangeduide bestuurders,"3.a, 3.b",400,700,700,900,Bij begin verboden toegang waar alternatieve reisweg mogelijk is,1500,2100,,"Mogelijk onderborden: GIa, GVIIa"
C24a,,"Verboden toegang voor bestuurders van voertuigen die de gevaarlijke goederen, bepaald door de Minister van Verkeerswezen en door de Minister van Economische Zaken, vervoeren",Voor instelling verboden toegang voor aangeduide bestuurders,"3.a, 3.b",,,700,900,Bij begin verboden toegang waar alternatieve reisweg mogelijk is,1500,2100,,"Mogelijk onderbord: GIa, GXII. Zie Dienstorder MOW/AWV/2010/8"
C24b,,"Verboden toegang voor bestuurders van voertuigen die de gevaarlijke goederen, bepaald door de Minister van Verkeerswezen en door de Minister van Economische Zaken, vervoeren",Voor instelling verboden toegang voor aangeduide bestuurders,"3.a, 3.b",,,700,900,Bij begin verboden toegang waar alternatieve reisweg mogelijk is,1500,2100,,Mogelijk onderbord: GIa
C24c,,"Verboden toegang voor bestuurders van voertuigen die de gevaarlijke goederen, bepaald door de Minister van Verkeerswezen en door de Minister van Economische Zaken, vervoeren",Voor instelling verboden toegang voor aangeduide bestuurders,"3.a, 3.b",,,700,900,Bij begin verboden toegang waar alternatieve reisweg mogelijk is,1500,2100,,Mogelijk onderbord: GIa
C25,,"Verboden toegang voor bestuurders van voertuigen of slepen waarvan de lengte, lading inbegrepen, groter is dan de aangeduide",Voor instelling verboden toegang voor aangeduide bestuurders,"3.a, 3.b",400,700,700,900,Bij begin verboden toegang waar alternatieve reisweg mogelijk is,1500,2100,,Mogelijk onderbord: GIa
C27,,"Verboden toegang voor bestuurders van voertuigen, waarvan de breedte, lading inbegrepen, groter is dan de aangeduide",Voor instelling verboden toegang voor aangeduide bestuurders,"3.a, 3.b",400,700,700,900,Bij begin verboden toegang waar alternatieve reisweg mogelijk is,1500,2100,,Mogelijk onderbord: GIa
C29,,"Verboden toegang voor bestuurders van voertuigen waarvan de
hoogte, lading inbegrepen, groter is dan de aangeduide",Voor instelling verboden toegang voor aangeduide bestuurders,"3.a, 3.b",400,700,700,900,Bij begin verboden toegang waar alternatieve reisweg mogelijk is,1500,2100,,"Mogelijk onderbord: GIa. Men duidt 30cm minder aan dan de effectieve hoogte. Bij een effectieve hoogte lager dan 2,5m dan duidt men 15cm minder aan. Doorgangen lager dan 4,3m moeten worden aangeduid."
C31a,,Verbod aan het volgend kruispunt af te slaan in de richting door de pijl aangegeven,Voor instelling verbod af te slaan. Niet wanneer het niet het geheel van de dwarsweg betreft.,"3.a, 3.b",400,700,700,900,"In onmiddellijke nabijheid van kruispunt, bij begin verboden richting",1500,2100,,"Mogelijke onderborden: GIa, M2, M3. Waar mogelijk D1 of D3 gebruiken ipv C31. Mag enkel indien C1 in zijstraat niet zichtbaar is."
C31b,,Verbod aan het volgend kruispunt af te slaan in de richting door de pijl aangegeven,Voor instelling verbod af te slaan. Niet wanneer het niet het geheel van de dwarsweg betreft.,"3.a, 3.b",400,700,700,900,"In onmiddellijke nabijheid van kruispunt, bij begin verboden richting",1500,2100,,"Mogelijke onderborden: GIa, M2, M3. Waar mogelijk D1 of D3 gebruiken ipv C31. Mag enkel indien C1 in zijstraat niet zichtbaar is."
C33,,Vanaf het verkeersbord tot het volgend kruispunt verbod te keren,Terugkeerverbod tot volgend kruispunt.,"3.a, 3.b",400,700,700,900,Bij begin terugkeerverbod,1500,2100,,Mogelijk onderbord: GIa
C35,,"Vanaf het verkeersbord tot het volgend kruispunt, verbod een gespan of een voertuig met meer dan twee wielen, links in te halen","Inhaalverbod tot volgend kruispunt of tot C37,C46","3.a, 3.b",400,700,700,900,Bij begin inhaalverbod,1500,2100,,Mogelijk onderbord: GIa
C37,,Einde van het verbod opgelegd door het verkeersbord C35,Voor opheffing inhaalverbod wanneer het einde hiervan niet samenvalt met kruispunt. Mag vervangen worden door C46,2,400,700,700,900,Bij einde inhaalverbod,1500,2100,,
C39,,"Vanaf het verkeersbord tot het volgend kruispunt, verbod voor bestuurders van voertuigen waarvan de maximale toegelaten massa meer dan 3500 kg bedraagt, een gespan of een voertuig met meer dan twee wielen, links in te halen","Inhaalverbod tot volgend kruispunt of tot C41, C46","3.a, 3.b",400,700,700,900,Bij begin inhaalverbod,1500,2100,,Mogelijk onderbord: GIa
C41,,Einde van het verbod opgelegd door het verkeersbord C 39,Voor opheffing inhaalverbod wanneer het einde hiervan niet samenvalt met kruispunt. Mag vervangen worden door C46,2,400,700,700,900,Bij einde inhaalverbod,1500,2100,,
C43,,"Vanaf het verkeersbord tot het volgend kruispunt, verbod te rijden met een grotere snelheid dan deze die is aangeduid","Snelheidsbeperking tot volgend kruispunt of C45,C46. Mag niet wanneer gevaarsbord kan gebruikt worden. Mag enkel in bebouwde kom met onderbord ""Herhaling"" op einde weggedeelte hoger dan 50 km/u","3.a, 3.b",400,700,700,900,Bij begin snelheidsbeperking,1500,2100,5500,"Mogelijke onderborden: GIa, GVI, GVII. Km wordt niet meer vermeld op gewestwegen. Zie AVVG nr. 100 van 15/12/2011."
C45,,Einde van de snelheidsbeperking opgelegd door het verkeersbord C43,Voor opheffing snelheidsbeperking wanneer het einde hiervan niet samenvalt met een kruispunt. Mag vervangen worden door C46,2,400,700,700,900,Bij einde snelheidsbeperking,1500,2100,,
C46,,"Einde van alle plaatselijke verbodsbepalingen, opgelegd aan de voertuigen in beweging",Voor einde alle verboden,2,400,700,700,900,Bij einde plaatselijke verboden,1500,2100,,
C47,,"Tolpost, verboden voorbij te rijden zonder te stoppen. Opschrift mag vervangen worden door ""Taks""",Aanduiding tolpost,"3.a, 3.b",400,700,700,900,Ter hoogte van tolpost,1500,2100,,Mogelijk onderbord: GIa
C48,,"Vanaf het verkeersbord tot het volgend kruispunt, verbod de cruise control of kruissnelheidsregelaar te gebruiken.",Verbod cruise control te gebruiken tot volgend kruispunt of C49,"3.a, 3.b",,,,900,Bij begin verbod om cruise control te gebruiken,1500,2100,,"Mogelijke onderborden: GIa, GVII"
C49,,"Einde van de snelheidsbeperking opgelegd door het verkeersbord
C48","Voor opheffing verbod de cruise control of
kruissnelheidsregelaar te gebruiken wanneer het einde hiervan niet samenvalt met kruispunt.",2,,,,900,Bij einde verbod,1500,2100,,
D01a,,Verplichting de door de pijl aangeduide richting te volgen. De plaatsgesteldheid bepaalt de stand van de pijl.,Voor instellen gebod,2,400,700,700,900,Bij begin van het gebod. Op de plaats waar het bord het best zichtbaar is,1500,2100,,"Mogelijke onderborden: GIa, GIV (uitgezonderd bus), M2, M3, M11, M12"
D01b,,Verplichting de door de pijl aangeduide richting te volgen. De plaatsgesteldheid bepaalt de stand van de pijl.,Voor instellen gebod,2,400,700,700,900,Bij begin van het gebod. Op de plaats waar het bord het best zichtbaar is,1500,2100,,"Mogelijke onderborden: GIa, GIV (uitgezonderd bus), M2, M3, M11, M12"
D01c,,Verplichting de door de pijl aangeduide richting te volgen. De plaatsgesteldheid bepaalt de stand van de pijl.,Voor instellen gebod,2,400,700,700,900,Bij begin van het gebod. Op de plaats waar het bord het best zichtbaar is,1000,1000,,
D01d,,Verplichting de door de pijl aangeduide richting te volgen. De plaatsgesteldheid bepaalt de stand van de pijl.,Voor instellen gebod,2,400,700,700,900,Bij begin van het gebod. Op de plaats waar het bord het best zichtbaar is,1000,1000,,Zie dienstorder MOW/AWV/2008/26
D01e,,Verplichting de door de pijl aangeduide richting te volgen. De plaatsgesteldheid bepaalt de stand van de pijl.,Voor instellen gebod,2,400,700,700,900,Bij begin van het gebod. Op de plaats waar het bord het best zichtbaar is,1500,2100,,"Mogelijke onderborden: GIa, GIV (uitgezonderd bus), M2, M3, M11, M12"
D01f,,Verplichting de door de pijl aangeduide richting te volgen. De plaatsgesteldheid bepaalt de stand van de pijl.,Voor instellen gebod,2,400,700,700,900,Bij begin van het gebod. Op de plaats waar het bord het best zichtbaar is,1500,2100,,"Mogelijke onderborden: GIa, GIV (uitgezonderd bus), M2, M3, M11, M12"
D03a,,Verplichting één van de door de pijl aangeduide richtingen te volgen. De plaatsgesteldheid bepaalt de stand van de pijlen.,Voor instellen gebod,2,400,700,700,900,"Bij begin van het gebod, vóór het kruispunt. Op de plaats waar het bord het best zichtbaar is",1500,2100,,Mogelijke onderborden: GIa
D03b,,Verplichting één van de door de pijl aangeduide richtingen te volgen. De plaatsgesteldheid bepaalt de stand van de pijlen.,Voor instellen gebod,2,400,700,700,900,"Bij begin van het gebod, vóór het kruispunt. Op de plaats waar het bord het best zichtbaar is",1500,2100,,Mogelijke onderborden: GIa
D04,,Verplichting voor voertuigen die gevaarlijke goederen vervoeren om de door de pijl aangeduide richting te volgen.,Voor instellen gebod,2,,600x900,900x1300,1200x1800,Bij begin van het gebod. Op de plaats waar het bord het best zichtbaar,1500,2100,,"Mogelijke onderborden: GIa, GXII. Zie Dienstorder MOW/AWV/2010/8. D1 kan vervangen worden door D3"
D04,,Verplichting voor voertuigen die gevaarlijke goederen vervoeren om de door de pijl aangeduide richting te volgen.,Voor instellen gebod,2,,600x900,900x1300,1200x1800,Bij begin van het gebod. Op de plaats waar het bord het best zichtbaar,1500,2100,,"Mogelijke onderborden: GIa, GXII. Zie Dienstorder MOW/AWV/2010/8. D1 kan vervangen worden door D3"
D04,,Verplichting voor voertuigen die gevaarlijke goederen vervoeren om de door de pijl aangeduide richting te volgen.,Voor instellen gebod,2,,600x900,900x1300,1200x1800,Bij begin van het gebod. Op de plaats waar het bord het best zichtbaar,1500,2100,,"Mogelijke onderborden: GIa, GXII. Zie Dienstorder MOW/AWV/2010/8. D1 kan vervangen worden door D3"
D05,,Verplicht rondgaand verkeer,Voor instellen van verplicht rondgaand verkeer in de zin van de pijl-richtingen. Mag slechts indien alle bestuurder die het kruispunt oprijden het verkeerseiland links moeten laten liggen.,2,400,700,700,900,Bij begin van het gebod. Op de plaats waar het bord het best zichtbaar,1000,1000,,Mogelijke onderborden: GIa. Opstelhoogte 1000 wanneer geplaatst op middeneiland
D07,,Verplicht fietspad.,Bij begin van het fietspad,1,400,400,400,400,Bij begin van het gebod. Op de plaats waar het bord het best zichtbaar.,1000,1000,,"Mogelijke onderborden: GIa, M6, M7, M13, M14, M15, M16. Mag niet geplaatst worden wanneer fietspad is gemarkeerd. Zie Dienstorder MOW/AWV/2010/13"
D09a,,"Deel van de openbare weg voorbehouden voor het verkeer van voetgangers, van fietsers en van tweewielige bromfietsen klasse A","Voor aanduiding deel van de openbare weg voorbehouden voor fietsers, bromfietsen A en voetgangers. Scheiding wordt op het terrein gerealiseerd door een witte doorlopende streep, een andere wegbedekking of een om het even fysieke scheiding",1,400,400,400,400,Bij begin van fiets-voetpad. Op de plaats waar het bord het best zichtbaar is,1000,1000,,Mogelijke onderborden: Gia. Niet plaatsen op wegen waar snelheid meer dan 50 km/u
D09b,,"Deel van de openbare weg voorbehouden voor het verkeer van voetgangers, van fietsers en van tweewielige bromfietsen klasse A","Voor aanduiding deel van de openbare weg voorbehouden voor fietsers, bromfietsen A en voetgangers. Scheiding wordt op het terrein gerealiseerd door een witte doorlopende streep, een andere wegbedekking of een om het even fysieke scheiding",1,400,400,400,400,Bij begin van voet-fietspad. Op de plaats waar het bord het best zichtbaar is,1000,1000,,Mogelijke onderborden: Gia. Niet plaatsen op wegen waar snelheid meer dan 50 km/u
D10,,Deel van de openbare weg voorbehouden voor het verkeer van voetgangers en fietsers,Voor aanduiding deel van de openbare weg voorbehouden voor fietsers en voetgangers,1,400,400,400,400,Bij begin van fiets-voetpad. Op de plaats waar het bord het best zichtbaar is,1000,1000,,Mogelijke onderborden: Gia. Niet toegelaten voor bromfietsers A en B
D11,,Verplichte weg voor voetgangers,Voor aanduiding verplichte weg voor voetgangers,1,400,400,400,400,Bij begin van verplichte weg. Op de plaats waar het bord het best zichtbaar is,1000,1000,,Mogelijke onderborden: GIa
D13,,Verplichte weg voor ruiters,Voor aanduiding verplichte weg voor ruiters,1,400,400,400,400,Bij begin van verplichte weg. Op de plaats waar het bord het best zichtbaar is,1500,2100,,Mogelijke onderborden: GIa
E01,,Parkeerverbod,Waar een parkeerverbod moet opgelegd worden. Geldt langs de kant van de weg vanaf het verkeersbord tot het volgende kruispunt.,1,400,700,700,900,Op de plaatsen waar het parkeerverbod begint of eindigt. Verboden te combineren met bord E9,1500,2100,,"Mogelijke onderborden: GV, GX"
E03,,Stilstaan en parkeren verboden,Waar een stilstaan -en parkeerverbod moet opgelegd worden. Geldt langs de kant van de weg vanaf het verkeersbord tot het volgende kruispunt.,1,400,700,700,900,Op de plaatsen waar het parkeerverbod begint of eindigt. Verboden te combineren met bord E9,1500,2100,,"Mogelijke onderborden: GV, GX"
E05,,Parkeerverbod vanaf de 1ste tot de 15de van de maand,Waar een halfmaandelijks parkeerverbod moet opgelegd worden. Geldt langs de kant van de weg vanaf het verkeersbord tot het volgende kruispunt.,1,400,700,700,900,Moet aan de kant van de gebouwen met pare nummers geplaatst worden. Verboden met bord E9,1500,2100,,"Mogelijke onderborden: GX, parkeerschijf, uitgezonderd bewoners, betalend"
E07,,Parkeerverbod vanaf de 16de tot het einde van de maand,Waar een halfmaandelijks parkeerverbod moet opgelegd worden. Geldt langs de kant van de weg vanaf het verkeersbord tot het volgende kruispunt.,1,400,700,700,900,Moet aan de kant van de gebouwen met onpare nummers geplaatst worden. Verboden met bord E9,1500,2100,,"Mogelijke onderborden: GX, parkeerschijf, uitgezonderd bewoners, betalend"
E09a,,Parkeren toegelaten,Om aan te duiden dat er geparkeerd mag worden. Geldt langs de kant van de weg vanaf het verkeersbord tot het volgende kruispunt. Niet verplicht waar markeringen parkeerzones afbakenen,1,,400x600,400x600,400x600,Op de plaats waar de toelating tot parkeren begint of eindigt,1500,2100,,"Mogelijke onderborden: GX, GVII, M1, M8"
E09b,,"Parkeren uitsluitend voor personenauto’s auto’s voor dubbel gebruik, motorfietsen en minibussen","Om aan te duiden dat enkel het parkeren van personenauto’s, auto’s, auto’s voor dubbel gebruik, motorfietsen en minibussen toegelaten is",1,,400x600,400x600,400x600,Op de plaats waar de toelating tot parkeren begint of eindigt,1500,2100,,"Mogelijke onderborden: GX, GVII, GV"
E09c,,Parkeren uitsluitend voor lichte vrachtauto’s en vrachtauto’s,Om aan te duiden dat enkel het parkeren van lichte vrachtauto’s en vrachtauto’s toegelaten is,1,,400x600,400x600,400x600,Op de plaats waar de toelating tot parkeren begint of eindigt,1500,2100,,"Mogelijke onderborden: GX, GVII, GV"
E09d,,Parkeren uitsluitend voor autocars,Om aan te duiden dat enkel het parkeren van autocars toegelaten is,1,,400x600,400x600,400x600,Op de plaats waar de toelating tot parkeren begint of eindigt,1500,2100,,"Mogelijke onderborden: GX, GVII, GV"
E09e,,Verplicht parkeren op de berm of op het trottoir,Om aan te duiden dat er verplicht moet geparkeerd worden op de berm of op het trottoir,1,,400x600,400x600,400x600,Op de plaats waar de toelating tot parkeren begint of eindigt,1500,2100,,"Mogelijke onderborden: GX, GVII, GV"
E09f,,Verplicht parkeren deels op de berm of op het trottoir,Om aan te duiden dat er verplicht moet geparkeerd worden deels op de berm of op het trottoir,1,,400x600,400x600,400x600,Op de plaats waar de toelating tot parkeren begint of eindigt,1500,2100,,"Mogelijke onderborden: GX, GVII, GV"
E09g,,Verplicht parkeren op de rijbaan,Om aan te duiden dat er verplicht op de rijbaan moet geparkeerd worden,1,,400x600,400x600,400x600,Op de plaats waar de toelating tot parkeren begint of eindigt,1500,2100,,"Mogelijke onderborden: GX, GVII, GV"
E09h,,Parkeren uitsluitend voor kampeerauto’s,Om aan te duiden dat het parkeren uitsluitend is voorbehouden voor kampeerauto’s,1,,400x600,400x600,400x600,Op de plaats waar de toelating tot parkeren begint of eindigt,1500,2100,,"Mogelijke onderborden: GX, GVII, GV"
E09i,,Parkeren uitsluitend voor motorfietsen,Om aan te duiden dat het parkeren uitsluitend is voorbehouden voor motorfietsen,1,,400x600,400x600,400x600,Op de plaats waar de toelating tot parkeren begint of eindigt,1500,2100,,"Mogelijke onderborden: GX, GVII, GV"
E11,,Halfmaandelijks parkeren in gans de bebouwde kom,Om het halfmaandelijks beurtelings parkeren op alle rijbanen van de bebouwde kom op te leggen. Van de 1e tot 15 aan de kant met onpare nummers van de 16 tot einde maand aan de kant met pare nummers.,1,,700,700,,In het midden bovenop de verkeersborden F1,1500,2100,,
F001a,,Begin van een bebouwde kom,"Voor de afbakening van een bebouwde kom, te plaatsen op alle toegangswegen.",2,,"900x600, 900x700",,,Ongeveer op de plaats waar de openbare weg het uitzicht van een straat krijgt,1500,2100,,Mogelijk bovenbord:E11. Zie dienstorder LIN/AWV 2006/6 voor F1-F1a
F001b,,Begin van een bebouwde kom,"Voor de afbakening van een bebouwde kom, te plaatsen op alle toegangswegen.",2,,600X900,,,Ongeveer op de plaats waar de openbare weg het uitzicht van een straat krijgt,1500,2100,,Mogelijk bovenbord:E11. Zie dienstorder LIN/AWV 2006/6 voor F1-F1a
F003a,,Einde van een bebouwde kom,"Voor de afbakening van een bebouwde kom, te plaatsen op alle toegangswegen.",2,,"900x600, 900x700",,,Ongeveer op de plaats waar de openbare weg het uitzicht van een straat verliest,1500,2100,,Zie dienstorder LIN/AWV 2006/6 voor F3-F3a
F003b,,Einde van een bebouwde kom,"Voor de afbakening van een bebouwde kom, te plaatsen op alle toegangswegen.",2,,600X900,,,Ongeveer op de plaats waar de openbare weg het uitzicht van een straat verliest,1500,2100,,Zie dienstorder LIN/AWV 2006/6 voor F3-F3a
F004a,,Begin van een zone met een snelheidsbeperking van 30 km per uur,Voor de afbakening van een zone waar de snelheid beperkt is tot 30 km per uur,2,400x600,600x900,,,Aan het begin van de zone met een snelheidsbeperking van 30 km per uur,1500,2100,,Deze borden worden afzonderlijk geplaatst met andere borden met zonale draagwijdte. Zij mogen evenwel op dezelfde paal worden bevestigd. Dit bord mag geen andere zonereglemetering bevatten.
F004a-A23,,Schoolomgeving,Voor de afbakening van een zone van een of meerdere openbare wegen of gedeelten ervan waarin de toegang van een school is inbegrepen.,2,400x600,600x900,,,Maximaal 150m rond de betrokken school,1500,2100,,Indien verder dan 150m van de school mag het bord A23 niet geplaatst worden en kan dit niet meer als schoolzone aangegeven worden. Het einde van een schoolomgeving wordt angekondigd door een F4b
F004b,,Einde van een zone met een snelheidsbeperking van 30 km per uur,Voor de afbakening van een zone waar de snelheid beperkt is tot 30 km per uur,2,400x600,600x900,,,Aan het eind van de zone met een snelheidsbeperking van 30 km per uur,1500,2100,,
F005,,Begin of oprit van een autosnelweg,Waar een oprit naar of de autosnelweg begint,2,,,600x900,900x1300,In onmiddellijke omgeving van de plaats waar een autosnelweg of oprit naar een autosnelweg begint,1500,2100,,Zie dienstorder LIN/AWV 2002/5. Wordt steeds apart geplaatst. Beslissing AVVG 14/5/2014: bij nevenbedrijven en parkings op autosnelwegen steeds F7 en F5 plaatsen.
F007,,Einde van een autosnelweg,Waar een afrit van of de autosnelweg eindigt,2,,,600X900,"1300x1900, 2000x1350",Waar de autosnelweg eindigt of op 50m waar de uitrit van de autosnelweg eindigt.,1500,2100,,Indien de autosnelweg eindigt plaatst met dit bord met een onderbord GIa op 1000m en 300m. Beslissing AVVG 14/5/2014: bij nevenbedrijven en parkings op autosnelwegen steeds F7 en F5 plaatsen.
F008,,Tunnel,Om een tunnel van minstens 500m aan te duiden,2,,,400x600,600x900,Waar de tunnel begint,1500,2100,,"Mogelijk onderbord: GIa, naam van de tunnel. Verplicht onderbord: GII"
F009,,Autoweg,Waar een autoweg begint.,2,,,700x700,900x900,In de onmiddellijke omgeving van de plaats waar een autoweg begint,1500,2100,,Op een autoweg mogen geen toegangen zijn naar aanliggende eigendommen.
F011,,Einde van een autoweg,Waar een autoweg eindigt,2,,,700x700,900x900,In de onmiddellijke omgeving van de plaats waar een autoweg eindigt,1500,2100,,
F012a,,Begin van een woonerf,Waar een woonerf begint,2,,900x600,,,In de onmiddellijke omgeving van de plaats waar het woonerf begint,1500,2100,,
F012b,,Einde van een woonerf,Waar een woonerf eindigt,2,,900x600,,,In de onmiddellijke omgeving van de plaats waar het woonerf eindigt,1500,2100,,
F013,,Kondigt pijlen op de rijbaan aan en schrijft de keuze van een rijstrook voor,Kan verschillende richtingen aanduiden. Moet wanneer er voorsorteringspijlen zijn aangebracht en wanneer voorsorteringsstroken voor fietsers en bromfietsen werden afgebakend,2,,,,,"Op de plaats die, gelet op de aard van de verstrekte aanduiding, geschikt is.",1500,2100,,Wordt geplaatst thv de eerste voorsorteringspijl. Het beeldvlak van het bord moet overeenkomen met de markeringen op de weg. Mogelijke onderborden:
F014,,Opstelvak voor fietsers en tweewielige bromfietsen,"Waar de markering die, een opstelvak aanduidt voor fietsers en bestuurders van tweewielige bromfietsen is aangebracht",2,,,,,"Op de plaats die, gelet op de aard van de verstrekte aanduiding, geschikt is.",1500,2100,,Het beeldvlak van het bord moet overeenkomen met de markeringen op de weg.
F015,,Schrijft de keuze van een richting voor: opwaarts of neerwaarts gerichte pijlen hebben betrekking op doorgaande richtingen; schuin opgaande gerichte pijlen hebben betrekking op afslaande richtingen.,"Op de hoofdwegen, andere A-wegen en gewone wegen waar de plaatsgesteldheid en/of de hoge snelheden der voertuigen het vereisen",3.b,,,,,,,,5500,Zie dienstorder MOW/AWV/2014/2 bijlage 2
F017,,Aanduiding van de rijstroken van een rijbaan met een strook voorbehouden voor autobussen,"Op een rijbaan verdeeld in rijstroken, waarvan de rijstrook die afgebakend is met brede onderbroken strepen en waarin het woord ""BUS"" is aangebracht. Moet herhaald worden na elk kruispunt",2,,,,,Bij begin van rijbaan verdeeld in rijstroken met een strook voorbehouden voor autobussen,1500,2100,,Zie dienstorder MOW/AWV/2013/1
F018,,"Aanwijzing van een bijzondere overrijdbare bedding, voorbehouden aan het verkeer van voertuigen van geregelde diensten voor gemeenschappelijk vervoer","Op een rijbaan voorzien van een bijzondere overrijdbare bedding, voorbehouden aan het verkeer van voertuigen van geregelde diensten voor gemeenschappelijk vervoer",2,,,,,Bij begin van de bijzonder overrijbare bedding.,1500,2100,,Voorbehouden aan voertuigen van geregelde openbare diensten voor gemeenschappelijk vervoer en aan voertuigen bestemd voor het ophalen van leerlingen. Zie Dienstorder MOW/AI 2007/7 en dienstorder MOW/AWV/2013/1
F019,,Openbare weg met éénrichtingsverkeer,Om aan te duiden dat op die openbare weg éénrichtingsverkeer van toepassing is. Er moet in de andere richting steeds een verkeersbord C1 geplaatst worden,2,,700x700,,,In de onmiddellijke nabijheid van de plaats waar het éénrichtingsverkeer begint,1500,2100,,"Mogelijke onderborden: M4, M5. Moet links herhaald worden indien meer dan 1 rijstrook."
F021,,Rechts of links voorbijrijden toegelaten,Om aan te duiden dat de vluchtheuvels zowel rechts als links mogen voorbijgereden worden. Enkel te plaatsen in die gevallen waar de gescheiden verkeersstromen na de inrichting of vluchtheuvel terug bij elkaar komen.,2,,600x400,,,Op het begin van de vluchtheuvel,1000,1000,,
F023a,,Nummer van een gewone weg,Boven het centraal gedeelte van de groep wegwijzers indien de weg één enkel nummer heeft. Op (voor)wegwijzers,2,400x200,450x300,450x300,450x300,,,,,Enkel in combinatie met wegwijzers en voorwegwijzes. AVVG nr. 95/2011
F023b,,Nummer van een autosnelweg,Geïntegreerd in wegwijzers en voorwegwijzers of boven een groep wegwijzers.,2,400x200,450x300,450x300,600x400,,,,,Enkel in combinatie met wegwijzers en voorwegwijzes. AVVG nr. 95/2011
F023c,,Nummer van een internationale weg,Geïntegreerd in wegwijzers en voorwegwijzers of boven een groep wegwijzers.,2,400x200,450x300,450x300,600x400,,,,,Enkel in combinatie met wegwijzers en voorwegwijzes. AVVG nr. 95/2011
F023d,,Nummer van een ringweg,Geïntegreerd in wegwijzers en voorwegwijzers of boven een groep wegwijzers.,2,400x200,450x300,450x300,600x400,,,,,Enkel in combinatie met wegwijzers en voorwegwijzes. AVVG nr. 95/2011
F025,,Voorwegwijzer,Duidt in schemavorm de verschillende richtingen van de wegen aan zonder bijkomstige details. De weg die aan het KP voorrang heeft wordt op dit verkeersbord door een breedere streep voorgesteld.,"2, 3.b",,,,,Op 100m van het kruispunt binnen en op 200m van het kruispunt buiten bebouwde kom.,1500,2100,,Op 800m en 1500m van het begin van de uitloopstrook op A-wegen. Zie dienstorder MOW/AWV/2014/2 en MOW/AWV/2014/19. Voor meer info zie MB.
F025M,,Voorwegwijzer,Duidt in schemavorm de verschillende richtingen van de wegen aan zonder bijkomstige details. De weg die aan het KP voorrang heeft wordt op dit verkeersbord door een breedere streep voorgesteld.,"2, 3.b",,,,,,1500,2100,,
F025MV,,Voorwegwijzer,zie F025M. Voor bewegwijzering naar bedrijventerreinen.,2,,,,,,1500,2100,,
F025R,,Voorwegwijzer,Duidt in schemavorm de verschillende richtingen van de wegen aan zonder bijkomstige details. De weg die aan het KP voorrang heeft wordt op dit verkeersbord door een breedere streep voorgesteld.,"2, 3.b",,,,,,1500,2100,,
F025RV,,Voorwegwijzer,Zie F025R. Voor bewegwijzering naar bedrijventerreinen.,2,,,,,,1500,2100,,
F025V,,Voorwegwijzer,Zie F025. Voor bewegwijzering naar bedrijventerreinen,2,,,,,,1500,2100,,
F027,,Voorwegwijzer,"Wordt verdeeld in meerdere gedeelten in volgorde van rechtdoor, links en rechts met bijhorende pijl. Nummering aan tegenovergestelde kant van pijl. Geen afstanden en max 3 opschriften per richting in dalende orde van afstand.","2, 3.b",,,,,Op 100m van het kruispunt binnen en op 200m van het kruispunt buiten bebouwde kom.,1500,2100,,De wegnummers worden ingeschreven in de overeenstemmende pijl. Indien de weg een ring is wordt her R-nummer niet vermeld maar worden de wegnummers naast de overeenstemmende bestemmingen vermeld. Voor meer info zie MB.
F027V,,Voorwegwijzer,Zie F027. Voor bewegwijzering naar bedrijventerreinen.,2,,,,,,1500,2100,,
F029,,Wegwijzer,"Reisweg over een gewone weg. Max 5 per richting en in volgorde van F31, F29, F33a, F33b, F33c en in dalende volgorde van afstand.","2, 3.b",,,,,"Op kruispunten waar ze nodig geacht worden, doch door het zicht zo weinig mogelijk te belemmeren",1500,2100,5500,"Wanneer slechts één bestemming kan bereikt worden in een richting en al de andere bestemmingen in de andere richting, wordt de voorkeur gegeven aan de vermelding ""andere richtingen"". Afstanden worden niet vermeld. Voor meer info zie MB."
F031,,Wegwijzer,"Reisweg over een autosnelweg. Max 5 per richting en in volgorde van F31, F29, F33a, F33b, F33c en in dalende volgorde van afstand.","2, 3.b",,,,,"Op kruispunten waar ze nodig geacht worden, doch door het zicht zo weinig mogelijk te belemmeren",1500,2100,5500,"Wanneer slechts één bestemming kan bereikt worden in een richting en al de andere bestemmingen in de andere richting, wordt de voorkeur gegeven aan de vermelding ""andere richtingen"". Afstanden worden niet vermeld. Voor meer info zie MB."
F033a,,Wegwijzer,"Aanduiding op afstand van belangrijke luchthaven, univ, ziekenhuis, …  Max 5 per richting en in volgorde van F31, F29, F33a, F33b,F33c en in dalende volgorde van afstand.","2, 3.b",,,,,"Op kruispunten waar ze nodig geacht worden, doch door het zicht zo weinig mogelijk te belemmeren",1500,2100,5500,"Mogelijke symbolen: S1, S2, S3, S4, S5 en symbool gebruikt op F53. Zie bijlage F33. Voor meer info zie MB. Zie dienstorder BRA/575/4 nr.180/05528 en dienstorder MOW/AWV/2014/19"
F033b,,Wegwijzer,"Aanduiding op afstand van belangrijke vallei of waterloop. Max 5 per richting en in volgorde van F31, F29, F33a, F33b, F33c en in dalende volgorde van afstand.",2,,,,,"Op kruispunten waar ze nodig geacht worden, doch door het zicht zo weinig mogelijk te belemmeren",1500,2100,5500,Voor meer info zie MB. Zie dienstorder MOW/AWV/2014/19
F033c,,Wegwijzer,"Aanduiding op afstand van sportcentrum, plaats met toeristisch of ontspannend karkater, recreatie of pretpark, cultureel park, monument, merkwaardig landschap.",2,,,,,"Op kruispunten waar ze nodig geacht worden, doch door het zicht zo weinig mogelijk te belemmeren",1500,2100,5500,"Mogelijke symbolen: S30, S31, S32, S33, S34, S35, S36. Voor meer info zie MB. Zie dienstorder MOW/AWV/2014/19"
F034a,,Wegwijzer,Aanduiding in de nabijheid van inrichtingen en etablissementen dit openbaar zijn of van algemeen belang.,2,,,,,"Op kruispunten waar ze nodig geacht worden, doch door het zicht zo weinig mogelijk te belemmeren",1500,2100,5500,"Mogelijke symbolen: S1 -> S5, S10 -> S21, Symbolen van F53, F55, F59, F61. Voor meer info zie MB. Zie dienstorder MOW/AWV/2014/19"
F034b1,,Wegwijzer,"Aanbevolen reisweg voor bepaalde categorieën van weggebruikers. Steeds aangevuld met de symbolen van volgende verkeersborden: C11, C15, C19. Gescheiden van F29 tot F37",1,Lmax:1200,Hmax: 150,,,"Op kruispunten waar ze nodig geacht worden, doch door het zicht zo weinig mogelijk te belemmeren",1500,2100,,
F034b2,,Wegwijzer,"Aanbevolen reisweg voor bepaalde categorieën van weggebruikers. Steeds aangevuld met de symbolen van volgende verkeersborden: C11, C15, C19. Gescheiden van F29 tot F37",1,Lmax: 300,Hmax: 450,,,"Op kruispunten waar ze nodig geacht worden, doch door het zicht zo weinig mogelijk te belemmeren",1500,2100,,
F034c1,,Wegwijzer,"Aanbevolen reisweg naar een toeristische bestemming voor bepaalde categorieën van weggebruikers. Steeds aangevuld met de symbolen van volgende verkeersborden: C11, C15, C19. Gescheiden van F29 tot F37",1,Lmax:1200,Hmax: 150,,,"Op kruispunten waar ze nodig geacht worden, doch door het zicht zo weinig mogelijk te belemmeren",1500,2100,,
F034c2,,Wegwijzer,"Aanbevolen reisweg naar een toeristische bestemming voor bepaalde categorieën van weggebruikers. Steeds aangevuld met de symbolen van volgende verkeersborden: C11, C15, C19. Gescheiden van F29 tot F37",1,Lmax: 300,Hmax: 450,,,"Op kruispunten waar ze nodig geacht worden, doch door het zicht zo weinig mogelijk te belemmeren",1500,2100,,
F035,,Wegwijzer,"Voor sportcentrum, plaats met een toeristisch of ontspannend karakter, recreatie- of pretpark, cultureel park, monument, merkwaardig landschap, vereniging tot bevordering van het vreemdelingen verkeer.",1,Lmax: 1200,Hmax: 150,,,"Op kruispunten waar ze nodig geacht worden, doch door het zicht zo weinig mogelijk te belemmeren",1500,2100,,Mogelijke symbolen: S30 -> S36. Symbool van F77. Zie bijlage F35. Zie dienstorder MOW/AWV/2014/19
F037,,Wegwijzer,"Voor jeugdherberg, overnachtinggelegenheden, kampeer- en caravanterrein, restaurant en vakantiedorp",1,Lmax: 1200,Hmax: 150,,,"Op kruispunten waar ze nodig geacht worden, doch door het zicht zo weinig mogelijk te belemmeren",1500,2100,,"Mogelijke symbolen: Symbolen van F65, F67, F71, F73, F75. Zie bijlage F37. Zie dienstorder MOW/AWV/2014/19"
F039,,Voorwegwijzer die een omlegging aankondigt,In de nabijheid van het begin van een omlegging wanneer de normale reisweg niet kan gevolgd worden of in de nabijheid van kruispunten waar nodig blijkt om de richting op voorhand aan te kondigen.,"3.a (fluo), 3.b (fluo)",,,,,Op 200m van het kruispunt buiten en op 100m van het kruispunt binnen bebouwde kom.,1500,2100,,
F041,,Wegwijzer omleggingsweg,Bij begin van een omlegging wanneer de normale reisweg niet kan gevolgd worden. De volledige reisweg moet worden aangeduid.,"3.a (fluo), 3.b (fluo)",,,,,"Op kruispunt waar ze nodig geacht worden, doch door het zicht zo weinig mogelijk te belemmeren.",1500,2100,,Zie dienstorder MOW/AWV/2015/5
F043,,Plaatsnaambord,Bij het begin van de administratieve grens van een gemeente of een deelgemeente,1,,,,,Op de plaats waar de administratieve grens van de gemeente of deelgemeente begint,1000,1000,,
F045,,Doodlopende weg,Voor de aanduiding van een doodlopende weg,2,400x600,600x900,,,Aan het begin van een doodlopende weg,1500,2100,,Het symbool mag aangepast worden voor ieder geval afzonderlijk
F045b,,Doodlopende weg uitgezonderd voor voetgangers en fietsers,"Voor de aanduiding van een doodlopende weg, uitgezonderd voor voetgangers en fietsers",2,400X600,600X900,,,Aan het begin van een doodlopende weg,1500,2100,,Het symbool mag aangepast worden voor ieder geval afzonderlijk
F047,,Einde van de werken,Voorbij het einde van een werk,2,400x600,600x900,,,50m voorbij werken 1e cat. en 5e cat A-wegen en niet A-wegen snelheid > 90 km/u. 25 m voorbij werk 2e-4e cat.,1500,2100,,"Op ongeveer 150 m voorbij het werk plaatst de aannemer een bord waarop in het geel op een zwarte achtergrond, de naam staat van de verantwoordelijke voor de signalisatie en diens telefoonnummer."
F049,,Oversteekplaats voor voetgangers,Mag slechts geplaatst worden ter hoogte van een oversteekplaats voor voetgangers. Niet aan kruispunten of oversteekplaatsen beschermd door 3-kleurig verkeerslicht.,2,400x400,,700x700,900x900,In de onmiddellijke nabijheid van de voertgangersoversteekplaats,1500,2100,5500,Indien boven rijweg folie 3.a. Zie dienstorder MOW/AWV/2011/6
F050,,Oversteekplaats voor fietsers en bestuurders van tweewielige bromfietsen,Moet geplaatst worden ter hoogte van een oversteek voor fietsers en bestuurders van tweewielige bromfietsen (blokmarkeringen). Niet aan kruispunten of oversteekplaatsen beschermd door 3-kleurig verkeerslicht.,2,400x400,,700x700,900x900,in de onmiddellijke nabijheid van de oversteekplaats voor fietsers en bromfietsers,1500,2100,5500,Indien boven rijweg folie 3.a. Zie dienstorder MOW/AWV/2014/15
F050bis,,"Verkeersbord dat de bestuurders die van richting veranderen wijst op een oversteekplaats voor voetgangers, fietsers, openbaar vervoer die dezelfde openbare weg volgen","Mag slechts geplaatst worden wanneer de bestuurders die van richting veranderen onvoldoende zicht hebben op de voetgangers, fietsers, openbar vervoer die aan het kruispunt de rijbaan gaan oversteken.",2,,"600x400, 800x400",,,In de onmiddellijke nabijheid van de oversteekplaats,1500,2100,,
F051a,,Ondergrondse oversteekplaats voor voetgangers,Om een voetgangerstunnel aan te duiden,1,,400x600,,,Op de aangegeven afstand van de tunnel,1500,2100,,
F051b,,Bovengrondse oversteekplaats voor voetgangers,Om een voetgangersbrug aan te duiden,1,,400x600,,,Op de aangegeven afstand van de brug,1500,2100,,
F052a,,Aankondiging van een nooduitgang in tunnels,Om een nooduitgang aan te duiden,2,,,400x400,700x700,Waar de nooduitgang zich bevindt,1500,2100,,Zie richtlijn 2004/54/EG
F052b,,Aankondiging van een nooduitgang in tunnels,Om een nooduitgang aan te duiden,2,,,400x400,700x700,Waar de nooduitgang zich bevindt,1500,2100,,Zie richtlijn 2004/54/EG
F052bisa,,Vluchtroute,"Aankondiging van de dichtstbijzijnde nooduitgang, in de aangeduide richting, in tunnels. De afstand in meter is aangeduid op het verkeersbord",2,,,700x200,"700x200, 1200x400",Op de aangegeven afstand in meter,1500,2100,,"Zie richtlijn 2004/54/EG. Op een afstand van max. 25m van elkaar. Op een hoogte van 1m tot 1,5m."
F052bisb,,Vluchtroute,"Aankondiging van de dichtstbijzijnde nooduitgang, in de aangeduide richting, in tunnels. De afstand in meter is aangeduid op het verkeersbord",2,,,700x200,"700x200, 1200x400",Op de aangegeven afstand in meter,1500,2100,,"Zie richtlijn 2004/54/EG. Op een afstand van max. 25m van elkaar. Op een hoogte van 1m tot 1,5m."
F053,,Verpleeginrichting,"In de onmiddellijke nabijheid van de verpleeginrichting. Enkel indien er geen gebruik wordt gemaakt van F34a, F35, F37",1,400x600,600x900,,,In de onmiddellijke nabijheid van de verpleeginrichting,1500,2100,,
F055,,Hulppost,"In de onmiddellijke nabijheid van de hulppost. Enkel indien er geen gebruik wordt gemaakt van F34a, F35, F37",1,400x600,600x900,,,In de onmiddellijke nabijheid van de hulppost,1500,2100,,
F056,,Brandblusapparaat,"In de onmiddellijke nabijheid van het brandblusapparaat. Enkel indien er geen gebruik wordt gemaakt van F34a, F35, F37",1,400x600,600x900,,,In de onmiddellijke nabijheid van de hulppost,1500,2100,,
F057,,Waterloop,Voor de aanduiding van een waterloop,1,,,,,In de nabijheid van de betrokken waterloop,1000,1000,,Steeds het symbool van waterloop toevoegen
F059a,,Aankondiging van een parking,"Om een parking aan te geven die, op een relatief korte afstand, in de omgeving gelegen is. Enkel als er geen gebruik gemaakt wordt van specifieke wegwijzers.",1,400x600,600x900,,,Ter hoogte of in de onmiddellijke nabijheid van de parking,1500,2100,,
F059b,,Aankondiging van een parking,"Om een parking aan te geven die, op een relatief korte afstand, in de omgeving gelegen is. Enkel als er geen gebruik gemaakt wordt van specifieke wegwijzers.",1,400x600,600x900,,,Ter hoogte of in de onmiddellijke nabijheid van de parking,1500,2100,,
F059c,,Aankondiging van een parking,"Om een parking aan te geven die, op een relatief korte afstand, in de omgeving gelegen is. Enkel als er geen gebruik gemaakt wordt van specifieke wegwijzers.",1,400x600,600x900,,,Ter hoogte of in de onmiddellijke nabijheid van de parking,1500,2100,,
F059d,,Aankondiging van een parking,"Om een parking aan te geven die, op een relatief korte afstand, in de omgeving gelegen is. Enkel als er geen gebruik gemaakt wordt van specifieke wegwijzers.",1,400x600,600x900,,,Ter hoogte of in de onmiddellijke nabijheid van de parking,1500,2100,,
F060,,Aankondiging van een overdekte parking,Om een overdekte parking aan te geven die in de omgeving gelegen is. Enkel als er geen gebruik gemaakt wordt van specifieke wegwijzers.,1,400x600,600x900,,,Ter hoogte of in de onmiddellijke nabijheid van de parking,1500,2100,,
F061,,Telefoon,Om de plaats aan te duiden waar zich een telefoon bevindt. Enkel als er geen gebruik gemaakt wordt van specifieke wegwijzers,1,400x600,600x900,,,Ter hoogte of in de onmiddellijke nabijheid van de telefoon,1500,2100,,
F062,,Noodtelefoon,Om aan te duiden dat de hulppost in de tunnel uitgerust is met een noodtelefoon,1,400x600,600x900,,,Ter hoogte of in de onmiddelijke nabijheid van de noodtelefoon,1500,2100,,
F063,,Tankstation,Om een tankstation aan te duiden. Enkel als er geen gebruik gemaakt wordt van specifieke wegwijzers. Enkel op A-wegen. Eventueel in combinatie met symbool van F59,1,400x600,600x900,,,Ter hoogte of in de onmiddellijke nabijheid van de benzinepost,1500,2100,,Kan aangepast worden volgens type motor
F065,,Hotel of motel,Om een hotel of motel aan te duiden. Enkel als er geen gebruik gemaakt wordt van specifieke wegwijzers. Enkel op A-wegen. Eventueel in combinatie met symbool van F59,1,400x600,600x900,,,Ter hoogte of in de onmiddellijke nabijheid van het hotel of motel,1500,2100,,
F067,,Restaurant,Om een restaurant aan te duiden. Enkel als er geen gebruik gemaakt wordt van specifieke wegwijzers. Enkel op A-wegen. Eventueel in combinatie met symbool van F59,1,400x600,600x900,,,Ter hoogte of in de onmiddellijke nabijheid van het restaurant,1500,2100,,
F069,,Drankgelegenheid,Om een drankgelegenheid aan te duiden. Enkel als er geen gebruik gemaakt wordt van specifieke wegwijzers. Enkel op A-wegen. Eventueel in combinatie met symbool van F59,1,400x600,600x900,,,Ter hoogte of in de onmiddellijke nabijheid van de drankgelegenheid,1500,2100,,
F071,,Kampeerterrein,Om een kampeerterrein aan te duiden. Enkel als er geen gebruik gemaakt wordt van specifieke wegwijzers.,1,400x600,600x900,,,Ter hoogte of in de onmiddellijke nabijheid van het kampeerterrein,1500,2100,,
F073,,Caravanterrein,Om een caravanterrein aan te duiden. Enkel als er geen gebruik gemaakt wordt van specifieke wegwijzers.,1,400x600,600x900,,,Ter hoogte of in de onmiddellijke nabijheid van het caravanterrein,1500,2100,,
F075,,Jeugdherberg,Om een jeugdherberg aan te duiden. Enkel als er geen gebruik gemaakt wordt van specifieke wegwijzers.,1,400x600,600x900,,,Ter hoogte of in de onmiddellijke nabijheid van de jeugdherberg,1500,2100,,
F077,,Vereniging voor het bevorderen van het vreemdelingenverkeer. Trefpunt voor toeristische informatie,Wordt alleen ter hoogte van de verenigingen ter bevordering van het vreemdelingenverkeer en van de trefpunten voor toeristische informatie geplaatst,1,400x600,600x900,,,Ter hoogte of in de onmiddellijke nabijheid van trefpunten voor toeristische informatie,1500,2100,,
F079,,Voorwegwijzer die de vermindering van het aantal rijstroken aankondigt.,Mag slechts om voorlopige aanwijzingen te geven bij werken. Het aantal pijlen moet overeenkomen met het werkelijk aantal rijstroken. Symbool moet overeenstemmen met de plaatsgesteldheid.,"3.a (fluo), 3.b (fluo)",,,,,Zie M.B. van 7 mei 1999,1500,2100,,
F081,,Voorwegwijzer die een uitwijking aankondigt,Mag slechts om voorlopige aanwijzingen te geven bij werken. Het aantal pijlen moet overeenkomen met het werkelijk aantal rijstroken. Symbool moet overeenstemmen met de plaatsgesteldheid.,"3.a (fluo), 3.b (fluo)",,,,,Zie M.B. van 7 mei 1999,1500,2100,,
F083,,Voorwegwijzer die een doorsteek van de middenberm aankondigt,Mag slechts om voorlopige aanwijzingen te geven bij werken. Het aantal pijlen moet overeenkomen met het werkelijk aantal rijstroken. Symbool moet overeenstemmen met de plaatsgesteldheid.,"3.a (fluo), 3.b (fluo)",,,,,Zie M.B. van 7 mei 1999,1500,2100,,
F085,,Verkeer toegelaten in beide richtingen op een deel van de rijbaan met één- richtingsverkeer,Mag slechts om voorlopige aanwijzingen te geven bij werken. Het aantal pijlen moet overeenkomen met het werkelijk aantal rijstroken. Symbool moet overeenstemmen met de plaatsgesteldheid.,"3.a (fluo), 3.b (fluo)",,,,,Zie M.B. van 7 mei 1999,1500,2100,,
F087,,Verhoogde inrichting,"Moet en mag slechts geplaatst worden voor alle reglementair aangelegde verhoogde inrichtingen gelegen buiten de kruispunten, niet in zone 30.",2,400x400,,700x700,,Ter hoogte of in de onmiddellijke nabijheid van de verhoogde inrichting,1500,2100,,Zie Koninklijk Besluit van 9 oktober 1998
F089,,Voorwegwijzer die een gevaar of een verkeersregel aankondigt die slechts van toepassing is op een of meerdere rijstroken van een rijbaan die meerdere rijstroken in dezelfde richting omvat.,Niet boven de rijbaan plaatsen of wanneer er reeds een aanduiding boven de rijstrook geplaatst is. Niet meer dan 2 verschillende aanduidingen per rijstrook.,3.b,,,,min. 1800x1800,Op minstens 500m van F91 wanneer de snelheid groter is dan 90 km/u,1500,2100,,
F091,,Duidt een gevaar aan of schrijft een verkeersregel voor die slechts van toepassing is op één of meerdere rijstroken van een rijbaan die meerdere rijstroken in dezelfde richting omvat,Niet boven de rijbaan plaatsen of wanneer er reeds een aanduiding boven de rijstrook geplaatst is. Niet meer dan 2 verschillende aanduidingen per rijstrook.,3.b,,,,min. 1800x1800,Ter hoogte van het gevaar of het begin van de verkeersregel,1500,2100,,
F093,,Duidt een radio-omroep aan waar verkeersinformatie gegeven wordt,Onder radio mag het logo van de betreffende zender worden geplaatst,2,400x600,,600x900,600x900,Waar het door de wegbeheerder nuttig geacht wordt,1500,2100,,Wordt niet meer geplaatst. Beslissing AVVG ?
F095,,Noodstopstrook,Moet geplaatst worden waar er een noodstopstrook is aangelegd en uitsluitend in dit geval. Symbool mag aangepast worden volgens plaatsgesteldheid. Mag aangevuld worden met afstand tot noodstopplaats,2,,,,,Ter hoogte van of op de aangeduide afstand van de noodstopplaats,1500,2100,,
F097,,Duidt een versmalling aan die de omvang van een rijstrook heeft,Om de versmalling aan te duiden die de omvang van een rijstrook heeft. In plaats van A7 + Type IX. De voorstelling op het bord moet overeenstemmen met de situatie op het terrein.,2,,,400x600,600x900,Op 150m voor het begin van de versmalling met de omvang van een rijstrook,1500,2100,,
F098,,Vluchthaven,Om een vluchthaven aan te duiden. Enkel in tunnels.,2,,,400x600,600x900,Op 150m voor de vluchthaven,1500,2100,,"Mogelijke onderborden: wit onderbord met symbool S186, S187 om aan te duiden dat deze is uitgerust met noodtelefoon en brandblusser"
F099a,,"Weg voorbehouden voor het verkeer van voetgangers, fietsers, ruiters en bestuurders van speed pedelecs",Mag aangepast worden volgens de categorieën van weggebruikers die tot deze weg zijn toegelaten. Niet voor bebakening van een voetgangerszone.,1,400x400,700x700,700x700,,Aan het begin van een weg voorbehouden voor de aangeduide weggebruikers,1500,2100,,Zij mogen door geen enkel onderbord aangevuld worden.
F099b,,"Weg voorbehouden voor het verkeer van voetgangers, fietsers en ruiters met aanduiding van het deel van de weg dat bestemd is voor de verschillende categorieën van weggebruikers",Mag aangepast worden volgens de categorieën van weggebruikers die tot deze weg zijn toegelaten. Niet voor bebakening van een voetgangerszone. Symbolen mogen omgewisseld worden,1,400x400,700x700,700x700,,Aan het begin van een weg voorbehouden voor de aangeduide weggebruikers,1500,2100,,Zij mogen door geen enkel onderbord aangevuld worden.
F099c,,"Weg voorbehouden voor landbouwvoertuigen, voetgangers, fietsers, ruiters en bestuurders van speed pedelecs",Mag aangepast worden volgens de categorieën van weggebruikers die tot deze weg zijn toegelaten. Niet voor bebakening van een voetgangerszone. Symbolen mogen omgewisseld worden,1,400x400,700x700,700x700,,Aan het begin van een weg voorbehouden voor de aangeduide weggebruikers,1500,2100,,Zij mogen door geen enkel onderbord aangevuld worden.
F101a,,"Einde van de weg voorbehouden voor het verkeer van voetgangers, fietsers, ruiters en bestuurders van speed pedelecs",Mag aangepast worden volgens de categorieën van weggebruikers die tot deze weg zijn toegelaten. Niet voor bebakening van een voetgangerszone.,1,400x400,700x700,700x700,,Aan het einde van een weg voorbehouden voor de aangeduide weggebruikers,1500,2100,,Zij mogen door geen enkel onderbord aangevuld worden.
F101b,,"Einde van de weg voorbehouden voor het verkeer van voetgangers, fietsers en ruiters met aanduiding van het deel van de weg dat bestemd is voor de verschillende categorieën van weggebruikers",Mag aangepast worden volgens de categorieën van weggebruikers die tot deze weg zijn toegelaten. Niet voor bebakening van een voetgangerszone. Symbolen mogen omgewisseld worden,1,400x400,700x700,700x700,,Aan het einde van een weg voorbehouden voor de aangeduide weggebruikers,1500,2100,,Zij mogen door geen enkel onderbord aangevuld worden.
F101c,,"Einde van de weg voorbehouden voor landbouwvoertuigen, voetgangers, fietsers, ruiters en bestuurders van speed pedelecs",Mag aangepast worden volgens de categorieën van weggebruikers die tot deze weg zijn toegelaten. Niet voor bebakening van een voetgangerszone. Symbolen mogen omgewisseld worden,1,400x400,700x700,700x700,,Aan het begin van een weg voorbehouden voor de aangeduide weggebruikers,1500,2100,,Zij mogen door geen enkel onderbord aangevuld worden.
F103,,Begin van een voetgangerszone,Aan elke toegang tot een voetgangerszone. Slechts indien de zone een handels of toeristische activiteit heeft.,1,400x600,600x900,,,Aan begin van een voetgangerszone,1500,2100,,Weggebruikers buiten voetgangers die toegang hebben tot deze zone worden onderaan het bord aangegeven
F105,,Einde van een voetgangerszone,Aan elke uitgang van een voetgangerszone. Slechts indien de zone een handels of toeristische activiteit heeft.,1,400x600,600x900,,,Aan einde van een voetgangerszone,1500,2100,,Weggebruikers buiten voetgangers die toegang hebben tot deze zone worden onderaan het bord aangegeven
F107,,Inhaaltoelating,"Vanaf dit verkeersbord tot F109 is het toegelaten dat bestuurders van voertuigen met een maximaal toegelaten massa van meer dan 3,5T een voertuig links in te halen.",2,400x600,600x900,,,Waar de inhaaltoelating begint,1500,2100,,Mogelijk onderbord: GV. Wordt herhaald na elk kruispunt en na elke oprit van een autosnelweg.
F109,,Einde van de inhaaltoelating,"Vanaf dit verkeersbord is het verboden dat bestuurders van voertuigen met een maximaal toegelaten massa van meer dan 3,5T een voertuig links inhalen",2,400x600,600x900,,,Waar de inhaaltoelating eindigt,1500,2100,,
F111,,Begin van een fietsstraat,Aan elk begin van een fietsstraat. Er gelden specifieke gedragsregels tav de fietser,2,400x600,600x900,,,,1500,2100,,Vermelding fietsstraat is facultatief. Wordt niet geplaatst op Vlaamse gewestwegen
F113,,Einde van een fietsstraat,Aan het einde van de fietsstraat.,2,400x600,600x900,,,,1500,2100,,Vermelding fietsstraat is facultatief. Wordt niet geplaatst op Vlaamse gewestwegen
F117,,Begin van een lage emissiezone,Aan het begin van de lage emissiezone,2,400x600,600x900,,,Bij begin van de in te stellen zone,1500,2100,,
F118,,Einde van een lage emissiezone,Aan het einde van de lage emissiezone,2,400x600,600x900,,,Aan het einde van de zone,1500,2100,,
GIa,,Aanduiding van een afstand,Onder gevaarsbord wanneer gevaarsbord niet op 150m kan geplaatst worden. Onder B1/B11 om B3/B13 aan te kondigen of onder C-borden,,400x200,700x200,900x300,1100x300,"Op de aangeduide afstand van het gevaar, gebod of voorrangsbord",1500,2100,,Breedte bord afhankelijk van hoofdbord. Folie moet zelfde zijn als hoofdbord. Verboden in combinatie met B5.
GIb,,Aanduiding van een afstand,Als vast onderbord van verkeersbord dat het verkeersbord B5 aankondigt op de bij benadering aangeduide afstand.,"3.a, 3.b",400x200,700x200,900x300,1100x300,Standaard op 150m of op vermelde afstand wanneer B7 niet op 150m kan geplaatst worden,1500,2100,,Breedte bord afhankelijk van hoofdbord
GII,,Aanduiding van de lengte van een gevaarlijk gedeelte van de openbare weg,Wanneer het aangeduide gevaar meermaals voorkomt over korte afstand,"3.a, 3.b",400x200,700x200,900x300,1100x300,Onder A-bord,1500,2100,,Breedte bord afhankelijk van hoofdbord
GIII,,Spoorvorming,Onderbord,"3.a, 3.b",400x300,600x400,600x400,900x600,Enkel te gebruiken onder A51,1500,2100,,Breedte bord afhankelijk van hoofdbord
GIII,,Aanduiding van aard van het gevaar of van de omstandigheden waarin het verkeersbord van toepassing is,Wanneer de plaatsen van een rijbaan die ingevolge bijzondere omstandigheden dikwijls glibberig worden in de loop van het jaar,"3.a, 3.b",400x200,700x200,900x300,1100x300,Enkel te gebruiken onder A15 of A51,1500,2100,,Breedte bord afhankelijk van hoofdbord
GIII,,Aanduiding van aard van het gevaar of van de omstandigheden waarin het verkeersbord van toepassing is,Het opschrift duidt de aard van het gevaar aan,"3.a, 3.b",400x200,700x200,900x300,1100x300,Enkel te gebruiken onder A51,1500,2100,,Breedte bord afhankelijk van hoofdbord
GIII,,Aanduiding van aard van het gevaar of van de omstandigheden waarin het verkeersbord van toepassing is,Het opschrift duidt de aard van het gevaar aan,"3.a, 3.b",400x200,700x200,900x300,1100x300,Enkel te gebruiken onder A51,1500,2100,,Breedte bord afhankelijk van hoofdbord
GIII,,Aanduiding van aard van het gevaar of van de omstandigheden waarin het verkeersbord van toepassing is,Het opschrift duidt de aard van het gevaar aan,"3.a, 3.b",400x200,700x200,900x300,1100x300,Enkel te gebruiken onder A51,1500,2100,,Breedte bord afhankelijk van hoofdbord
GIII,,Aanduiding van aard van het gevaar of van de omstandigheden waarin het verkeersbord van toepassing is,Het opschrift duidt de aard van het gevaar aan,"3.a, 3.b",400x200,700x200,900x300,1100x300,Enkel te gebruiken onder A51,1500,2100,,Breedte bord afhankelijk van hoofdbord
GIII,,Aanduiding van aard van het gevaar of van de omstandigheden waarin het verkeersbord van toepassing is,Het opschrift duidt de aard van het gevaar aan,"3.a, 3.b",400x200,700x200,900x300,1100x300,Enkel te gebruiken onder A51,1500,2100,,Breedte bord afhankelijk van hoofdbord
GIII,,Aanduiding van aard van het gevaar of van de omstandigheden waarin het verkeersbord van toepassing is,Het opschrift duidt de aard van het gevaar aan,"3.a, 3.b",400x300,600x400,600x400,900x600,Enkel te gebruiken onder A51,1500,2100,,Breedte bord afhankelijk van hoofdbord
GIII,,Aanduiding van aard van het gevaar of van de omstandigheden waarin het verkeersbord van toepassing is,Het opschrift duidt de aard van het gevaar aan,"3.a, 3.b",400x300,600x400,600x400,900x600,Enkel te gebruiken onder A51,1500,2100,,Breedte bord afhankelijk van hoofdbord
GIII,,Aanduiding van aard van het gevaar of van de omstandigheden waarin het verkeersbord van toepassing is,Het opschrift duidt de aard van het gevaar aan,"3.a, 3.b",400x200,700x200,900x300,1100x300,Enkel te gebruiken onder A51,1500,2100,,Mag enkel gebruikt worden wanneer het verkeersplateau hoger en korter is dan toegelaten. Wanneer dit lager en langer is dan toegelaten gebruikt men A14 en F87. Breedte bord afhankelijk van hoofdbord
GIII,,Aanduiding van aard van het gevaar of van de omstandigheden waarin het verkeersbord van toepassing is,Het opschrift duidt de aard van het gevaar aan,"3.a, 3.b",400x300,600x400,600x400,900x600,Enkel te gebruiken onder A51,1500,2100,,Breedte bord afhankelijk van hoofdbord
GIV,,Beperking van een verbod of van een gebod voor zekere categorieën van voertuigen,Ter aanvulling wanneer het verbod niet geldt voor bussen van de openbare vervoersmaatschappijen.,"3.a, 3.b",,700x200,900x300,1100x300,Onder verbod of gebodsbord,1500,2100,,Folie moet gelijk zijn aan het hoofdbord. Vermelding 'uitgezonderd de lijn' wordt niet toegelaten.
GIV,,Beperking van een verbod of van een gebod voor zekere categorieën van voertuigen,Ter aanvulling wanneer het verbod niet geldt voor voortuigen met een MTM kleiner dan aangeduide hoeveelheid,,,700x200,900x300,1100x300,Onder verbod of gebodsbord,1500,2100,,Folie moet gelijk zijn aan het hoofdbord
GIV,,Beperking van een verbod of van een gebod voor zekere categorieën van voertuigen,Ter aanvulling wanneer het verbod C5 niet geldt voor voortuigen met 2 of meer inzittenden,"3.a, 3.b",,700x200,900x300,1100x300,Onder C5,1500,2100,,Breedte bord afhankelijk van hoofdbord
GIV,,Beperking van een verbod of van een gebod voor zekere categorieën van voertuigen,Ter aanvulling wanneer het verbod C5 niet geldt voor voortuigen met 3 of meer inzittenden,"3.a, 3.b",,700x200,900x300,1100x300,Onder C5,1500,2100,,Breedte bord afhankelijk van hoofdbord
GIX,,Aanduiding van een versmalling die de omvang van een rijstrook heeft,Te plaatsen wanneer de versmalling 1 rijstrook bedraagt. Niet gebruiken als F97 is geplaatst,"3.a, 3.b",,,400x600,600x900,Bij bord A7,1500,2100,,Beslissing AVVG 13/5/2015: Enkel F97 wordt nog geplaatst.
GIX,,Aanduiding van een versmalling die de omvang van een rijstrook heeft,Te plaatsen wanneer de versmalling 1 rijstrook bedraagt. Niet gebruiken als F97 is geplaatst,"3.a, 3.b",,,400x600,600x900,Bij bord A7,1500,2100,,Beslissing AVVG 13/5/2015: Enkel F97 wordt nog geplaatst.
GV,,Aanvulling van de verkeersborden betreffende het stilstaan en parkeren,Aanduiding van de uren wanneer het parkeren toegelaten of verboden is,1,700x400,700x200,,,Onder of op het bord betrekkende stilstaan en parkeren,1500,2100,,
GV,,Aanvulling van de verkeersborden betreffende het stilstaan en parkeren,Aanduiding van de dagen wanneer het parkeren toegelaten of verboden is,1,700x400,700x200,,,Onder of op het bord betrekkende stilstaan en parkeren,1500,2100,,
GVI,,"Aanduiding ""HERHALING""",Onder C43-50 binnen de bebouwde kom. Enkel wanneer er na F1a een hogere snelheid dan 50 km/u werd toegelaten of wanneer de bijzondere plaatsgesteldheid dit toelaat.,"3.a, 3.b",,700x200,900x300,1100x300,Op einde van weggedeelte waar er meer dan 50 km/u mag gereden worden,1500,2100,,
GVIIa,,Beperkt het verbod aangeduid met C48 of is aanvulling van de verkeersborden betreffende het stilstaan en parkeren,Beperkt het verbod of het parkeren tot voertuigen met een MTM hoger dan het aangeduide gewicht,,,450x200,,,Onder verbodsbord of parkeerbord,1500,2100,,Folie moet gelijk zijn aan hoofdbord. Volgt de afmetingen van het bord E9 met als max. afmeting 700x200
GVIIb,,Aanvulling van de verkeersborden betreffende het stilstaan en parkeren,Duidt aan dat de parkeertijd beperkt is en dat de parkeerschijf moet gebruikt worden,1,,450x200,,,Onder of op het bord betrekkende stilstaan en parkeren,1500,2100,,Volgt de afmetingen van het bord E9 met als max. afmeting 700x200
GVIIc,,Aanvulling van de verkeersborden betreffende het stilstaan en parkeren,Duidt de maximumduur van het toegelaten of voorbehouden parkeren aan,1,,450x200,,,Onder het bord betrekkende stilstaan en parkeren,1500,2100,,Volgt de afmetingen van het bord E9 met als max. afmeting 700x200
GVIId,,Aanvulling van de verkeersborden betreffende het stilstaan en parkeren,Duidt de categorie van voertuigen aan voor dewelke het parkeren voorbehouden is,1,,700x200,,,Onder het bord betrekkende stilstaan en parkeren,1500,2100,,Enkel waar het parkeren voorbehouden is voor elektrische voertuigen. Volgt de afmetingen van het bord E9 met als max. afmeting 700x200
GVIId,,Aanvulling van de verkeersborden betreffende het stilstaan en parkeren,Duidt aan dat het parkeren voorbehouden is voor voertuigen die gebruikt worden door minder validen,1,,450x200,,,Onder of op het bord betrekkende stilstaan en parkeren,1500,2100,,Volgt de afmetingen van het bord E9 met als max. afmeting 700x200
GVIId,,Aanvulling van de verkeersborden betreffende het stilstaan en parkeren,Duidt de categorie van voertuigen aan voor dewelke het parkeren voorbehouden is,1,,700x200,,,Onder het bord betrekkende stilstaan en parkeren,1500,2100,,Volgt de afmetingen van het bord E9 met als max. afmeting 700x200.
GVIII,,Duidt het tracé van de voorrangsweg aan,"Duidt het tracé aan wanneer een weg waarop verkeersborden B9 vóór of op het kruispunt of verkeersborden B15 zijn aangebracht, op een kruispunt afbuigt en zijn continuïteit niet duidelijk uitkomt.",,,700x700,,900x900,Onder bord B9 of B15. Dit onderbord moet ook onder elke B1 of B5 die op ditzelfde kruispunt uitkomen,1500,2100,,Folie moet gelijk zijn aan het hoofdbord
GVIII,,Duidt het tracé van de voorrangsweg aan,"Duidt het tracé aan wanneer een weg waarop verkeersborden B9 vóór of op het kruispunt of verkeersborden B15 zijn aangebracht, op een kruispunt afbuigt en zijn continuïteit niet duidelijk uitkomt.",,,700x700,,900x900,Onder bord B9 of B15. Dit onderbord moet ook onder elke B1 of B5 die op ditzelfde kruispunt uitkomen,1500,2100,,Folie moet gelijk zijn aan het hoofdbord
GXa,,Aanvulling van de verkeersborden betreffende het stilstaan en parkeren,Begin van de reglementering,1,,100x400,,,"Enkel onder verkeersborden E1, E3, E5, E7 en E9a tot E9i",1500,2100,,
GXb,,Aanvulling van de verkeersborden betreffende het stilstaan en parkeren,Einde van de reglementering,1,,100x400,,,"Enkel onder verkeersborden E1, E3, E5, E7 en E9a tot E9i",1500,2100,,
GXc,,Aanvulling van de verkeersborden betreffende het stilstaan en parkeren,Reglementering over een korte afstand. Bovenaangeduid bord vult het verkeersbord aan dat het begin van de reglementering aanwijst en vermeldt de afstand waarover het verbod of de toelating geldt.,1,,100x400,,,"Enkel onder verkeersborden E1, E3, E5, E7 en E9a tot E9i",1500,2100,,De gereglementeerde zone mag maximum 30m zijn.
GXd,,Aanvulling van de verkeersborden betreffende het stilstaan en parkeren,"Reglementering over een lange afstand. Bovenaangeduid bord vult een verkeersbord aan, gelijkaardig aan het verkeersbord dat het begin van de reglementering aanwijst en dat bij wijze van herhaling geplaatst wordt.",1,,100x400,,,"Enkel onder verkeersborden E1, E3, E5, E7 en E9a tot E9i",1500,2100,,Moet geplaatst worden indien de gereglementeerde zone minstens 300m is.
GXI,,Beperking van de draagwijdte van de verkeersborden,"Wanneer een verkeersbord slechts betrekking heeft op een uitrit rechts van een rijbaan die in
rijstroken is verdeeld, wordt het aangevuld met dit onderbord.",2,,700x700,,900x900,,1500,2100,,Bestaat niet voor een linkse uitrit. Is geen officieële bordcode.
GXII,,Aanduiding categorie van gevaarlijke goederen,Onder C24a: verboden voor voertuigen die gevaarlijke goederen vervoeren categorie B. Onder D4: voertuigen die gevaarlijke goederen vervoeren cat. B zijn verplicht aangeduide weg te volgen,2,450x300,,600x400,900x600,Onder C24a of D4,1500,2100,,zie Dienstorder MOW/AWV/2010/8. Is geen officieële bordcode. Letterhoogte is min. 195mm
GXII,,Aanduiding categorie van gevaarlijke goederen,Onder C24a: verboden voor voertuigen die gevaarlijke goederen vervoeren categorie C. Onder D4: voertuigen die gevaarlijke goederen vervoeren cat. C zijn verplicht aangeduide weg te volgen,2,450x300,,600x400,900x600,Onder C24a of D4,1500,2100,,zie Dienstorder MOW/AWV/2010/8. Is geen officieële bordcode. Letterhoogte is min. 195mm
GXII,,Aanduiding categorie van gevaarlijke goederen,Onder C24a: verboden voor voertuigen die gevaarlijke goederen vervoeren categorie D. Onder D4: voertuigen die gevaarlijke goederen vervoeren cat. D zijn verplicht aangeduide weg te volgen,2,450x300,,600x400,900x600,Onder C24a of D4,1500,2100,,zie Dienstorder MOW/AWV/2010/8. Is geen officieële bordcode. Letterhoogte is min. 195mm
GXII,,Aanduiding categorie van gevaarlijke goederen,Onder C24a: verboden voor voertuigen die gevaarlijke goederen vervoeren categorie E. Onder D4: voertuigen die gevaarlijke goederen vervoeren cat. E zijn verplicht aangeduide weg te volgen,2,450x300,,600x400,900x600,Onder C24a of D4,1500,2100,,zie Dienstorder MOW/AWV/2010/8. Is geen officieële bordcode. Letterhoogte is min. 195mm
M01,,Vult een hoofdbord aan dat enkel betrekking heeft tot fietsers.,Enkel te gebruiken als onderbord bij E9a en bij B1-B5 wanneer deze van toepassing zijn voor fietsers.,1,,400x200,,,Waar de toelating begint of eindigt,1500,2100,,
M02,,Hoofdbord geldt niet voor fietsers,"Wanneer verbod niet geldt voor fietsers. Enkel te gebruiken als onderbord bij C1, C3, C31 en D1",1,400x300,700x400,,,"Onder C1, C3, C31, D1",1500,2100,,
M03,,Hoofdbord geldt niet voor fietsers en bestuurders van bromfietsen klasse A,"Wanneer verbod niet geldt voor fietsers en bestuurders van bromfietsen klasse A. Enkel te gebruiken als onderbord bij C1, C3, C31 en D1",1,400x300,700x400,,,"Onder C1, C3, C31, D1",1500,2100,,
M04,,De enige richting geldt niet voor fietsers,Het eenrichtingsverkeer geldt niet voor fietsers. Enkel te gebruiken als onderbord bij F19,2,400x200,700x200,,,Onder F19,1500,2100,,
M05,,De enige richting geldt niet voor fietsers en bestuurders van bromfietsers klasse A,Het eenrichtingsverkeer geldt niet voor fietsers en bestuurders van bromfietsers klasse A. Enkel te gebruiken als onderbord bij F19,2,400x400,700x400,,,Onder F19,1500,2100,,
M06,,Het fietspad moet gevolgd worden door de bestuurders van tweewielige bromfietsen klasse B,Enkel als onderbord bij D7. Zie Dienstorder MOW/AWV/2010/13,1,,400x300,,,Onder D7,1000,1000,,
M07,,Het fietspad mag niet gevolgd worden door de bestuurders van tweewielige bromfietsen klasse B,Enkel als onderbord bij D7. Zie Dienstorder MOW/AWV/2010/13,1,,400x300,,,Onder D7,1000,1000,,
M08,,Vult een hoofdbord aan dat enkel betrekking heeft tot fietsen en bromfietsen,Enkel te gebruiken als onderbord bij E9a en bij B1-B5 wanneer deze van toepassing zijn voor fietsers en bromfietsers.,1,,400x400,,,Waar de toelating begint of eindigt,1500,2100,,
M09,,Om aan te duiden dat fietsers in de twee rijrichtingen rijden op de dwarslopende openbare weg die men gaat oprijden.,"Als onderbord bij B1, B5 of B17.",2,,400x400,,,"Onder B1, B5, B17",1500,2100,,
M10,,Om aan te duiden dat fietsers en bestuurders van tweewielige bromfietsen in de twee rijrichtingen rijden op de dwarslopende openbare weg die men gaat oprijden.,"Als onderbord bij B1, B5 of B17",2,400x400,700x400,,,"Onder B1, B5, B17",1500,2100,,
M11,,Hoofdbord geldt niet voor fietsers en bestuurders van speed pedelecs,"Wanneer verbod niet geldt voor fietsers en bestuurders van speed pedelecs. Enkel te gebruiken als onderbord bij C1, C3, C31 en D1",1,400x300,700x400,,,"Onder C1, C3, C31, D1",1500,2100,,
M12,,"Hoofdbord geldt niet voor fietsers,  bestuurders van bromfietsen klasse A en speed pedelecs","Wanneer verbod niet geldt voor fietsers, bestuurders van bromfietsen klasse A en speed pedelecs. Enkel te gebruiken als onderbord bij C1, C3, C31 en D1",1,400x300,700x400,,,"Onder C1, C3, C31, D1",1500,2100,,
M13,,Het fietspad moet gevolgd worden door de bestuurders van speed pedelecs,Enkel als onderbord bij D7,1,,400x300,,,Onder D7,1000,1000,,
M14,,Het fietspad moet gevolgd worden door de bestuurders van tweewielige bromfietsen klasse B en speed pedelecs,Enkel als onderbord bij D7,1,,400x300,,,Onder D7,1000,1000,,
M15,,Het fietspad mag niet gevolgd worden door de bestuurders van speed pedelecs,Enkel als onderbord bij D7,1,,400x300,,,Onder D7,1000,1000,,
M16,,Het fietspad mag niet gevolgd worden door de bestuurders van tweewielige bromfietsen klasse B en speed pedelecs,Enkel als onderbord bij D7,1,,400x300,,,Onder D7,1000,1000,,
M17,,De enige richting geldt niet voor fietsers en bestuurders van speed pedelecs,Het eenrichtingsverkeer geldt niet voor fietsers en bestuurders van speed pedelecs. Enkel te gebruiken als onderbord bij F19,2,400x400,700x400,,,Onder F19,1500,2100,,
M18,,De enige richting geldt niet voor fietsers en bestuurders van bromfietsers klasse A en speed pedelecs,Het eenrichtingsverkeer geldt niet voor fietsers en bestuurders van bromfietsers klasse A en speed pedelecs. Enkel te gebruiken als onderbord bij F19,2,400x400,700x400,,,Onder F19,1500,2100,,
M19,,Vult een hoofdbord aan dat enkel betrekking heeft tot speed pedelcs,Enkel te gebruiken als onderbord bij E9a en bij B1-B5 wanneer deze van toepassing zijn voor speed pedelecs,1,,400x300,,,Waar de toelating begint of eindigt,1500,2100,,Wanneer bord bestemd is voor automobilisten: folietype=2
M20,,Vult een hoofdbord aan dat enkel betrekking heeft tot fietsers en speed pedelecs,Enkel te gebruiken als onderbord bij E9a en bij B1-B5 wanneer deze van toepassing zijn voor fietsers en speed pedelecs,1,,400x400,,,Waar de toelating begint of eindigt,1500,2100,,Wanneer bord bestemd is voor automobilisten: folietype=2
M3bis,,,,,,,,,,1500,2100,,
Type Ia1,,Bakens voor signalisatie op afstand,,3.b,,,300x1100,,,450,450,,
Type Ia2,,Bakens voor signalisatie op afstand,,3.b,,,300x1100,,,450,450,,
Type Ib1,,Bakens voor signalisatie op afstand,,3.b,,,300x1100,,,450,450,,
Type Ib2,,Bakens voor signalisatie op afstand,,3.b,,,300x1100,,,450,450,,
Type Ic,,Bakens voor signalisatie op afstand,,3.b,,,300x1100,,,450,450,,
Type IIa,,Bakens voor zijdelingse signalisatie,,2,,,300x1100,,,450,450,,
Type IIb,,Bakens voor zijdelingse signalisatie,,2,,,300x1100,,,450,450,,
Type IIc,,Bakens voor zijdelingse signalisatie,,3.b,,,70x1000,,,450,450,,
Type IIIa,,Bakens op de fysieke afscheiding,,2,,,200x450,,,450,450,,
Type IIIb,,Bakens op de fysieke afscheiding,,2,,,200x450,,,450,450,,
Type V,,Bochtafbakeningssignalisatie,,3.a,,700x700,700x700,900x900,,1000,1000,,Zie dienstorder MOW/AWV 2008/16: Ontwerpen en signaleren van bochten
Type Va,,Bochtafbakeningssignalisatie,,3.a,,,2000x500,3000x500,,1000,1000,,Zie dienstorder MOW/AWV 2008/16: Ontwerpen en signaleren van bochten
Type Vb,,Bochtafbakeningssignalisatie,,3.a,,,2000x500,3000x500,,1000,1000,,Zie dienstorder MOW/AWV 2008/16: Ontwerpen en signaleren van bochten
Type. I-Hek,,,Zie bijlage 4 van MB 7/5/1999,3.a,,,,,,nvt,nvt,,
Type.8.I,,Afbakening van de toegang tot de doorgang,Zie bijlage 8 van Ministerieel besluit van 11 oktober 1976,3.a,,,,,,nvt,nvt,,
Type.II-Raam,,,Zie bijlage 4 van MB 7/5/1999,"3.a, 3.b",,,,,,nvt,nvt,,
Type.I-Raam,,,Zie bijlage 4 van MB 7/5/1999,"3.a, 3.b",,,,,,nvt,nvt,,
X1,,De voertuigen voor schoolvervoer worden gesignaleerd door het volgende bord.,Dit bord moet goed zichtbaar op het linkergedeelte vooraan en achteraan op het voertuig aangebracht zijn; het moet verwijderd of afgedekt worden wanneer het voertuig niet gebruikt wordt voor schoolvervoer.,,,,,,,nvt,nvt,,"Het heeft een zijde van ten minste 0,40 m; de achtergrond ervan moet van retro-reflecterende producten voorzien zijn"
X2,,De voertuigen voor woon-werkverkeer worden gesignaleerd door het volgende bord.,Dit bord moet goed zichtbaar op het linkergedeelte vooraan en achteraan op het voertuig aangebracht zijn; het moet verwijderd of afgedekt worden wanneer het voertuig niet gebruikt wordt voor woon-werkverkeer.,,,,,,,nvt,nvt,,"Het heeft een zijde van ten minste 0,40 m; de achtergrond ervan moet van retro-reflecterende producten voorzien zijn"
ZC21,,Begin van een zone waar de toegang verboden is voor bestuurders van voertuigen waarvan de massa in beladen toestand hoger is dan de aangeduide massa,"Het verkeersbord betreffende het begin van een zone waar een bijzonder verbod of een bijzondere regel inzake parkeren van toepassing is, wordt rechts geplaatst aan elke toegang tot deze zone.",2,,400x600,600x900,,Bij begin van de in te stellen zone,1500,2100,,Mag aangevuld worden met benaderende afstand van begin van de zone of met 'Herhaling'. Combinatie C21 met C35 is mogelijk op 1 zonebord. Zie KB 1/12/1975 art.65.5 en MB 11/10/1976 art.6.7
ZC21/,,Einde van een zone waar de toegang verboden is voor bestuurders van voertuigen waarvan de massa in beladen toestand hoger is dan de aangeduide massa,Het verkeersbord betreffende het einde van een zone wordt geplaatst aan elke uitgang,2,,400x600,600x900,,Aan het einde van de zone,1500,2100,,Zie KB 1/12/1975 art.65.5 en MB 11/10/1976 art.6.7
ZC35,,Begin van een zone waar het verboden is een gespan of een voertuig met meer dan twee wielen links in te halen,"Het verkeersbord betreffende het begin van een zone waar een bijzonder verbod of een bijzondere regel inzake parkeren van toepassing is, wordt rechts geplaatst aan elke toegang tot deze zone.",2,,400x600,600x900,,Bij begin van de in te stellen zone,1500,2100,,Mag aangevuld worden met benaderende afstand van begin van de zone of met 'Herhaling'. Combinatie C35 met C21 is mogelijk op 1 zonebord. Zie KB 1/12/1975 art.65.5 en MB 11/10/1976 art.6.7
ZC35/,,Einde van een zone waar het verboden is een gespan of een voertuig met meer dan twee wielen links in te halen,Het verkeersbord betreffende het einde van een zone wordt geplaatst aan elke uitgang,2,,400x600,600x900,,Aan het einde van de zone,1500,2100,,Zie KB 1/12/1975 art.65.5 en MB 11/10/1976 art.6.7
ZC43,,Begin van een zone waar de snelheid beperkt is tot de aangeduide snelheid,"Het verkeersbord betreffende het begin van een zone waar een bijzonder verbod of een bijzondere regel inzake parkeren van toepassing is, wordt rechts geplaatst aan elke toegang tot deze zone.",2,,400x600,600x900,,Bij begin van de in te stellen zone,1500,2100,,Mag aangevuld worden met benaderende afstand van begin van de zone. Er mag nergens in de zone C43 met een hogere snelheid staan dan de snelheid op zonebord. Het is verboden zonale snelheidsborden met opschrift 'herhaling' te plaatsen.
ZC43/,,Einde van een zone waar de snelheid beperkt is tot de aangeduide snelheid,Het verkeersbord betreffende het einde van een zone wordt geplaatst aan elke uitgang,2,,400x600,600x900,,Aan het einde van de zone,1500,2100,,Zie KB 1/12/1975 art.65.5 en MB 11/10/1976 art.6.7
ZE9aGVIIb,,Begin van een zone met beperkte parkeertijd (blauwe zone),"Het verkeersbord betreffende het begin van een zone waar een bijzonder verbod of een bijzondere regel inzake parkeren van toepassing is, wordt rechts geplaatst aan elke toegang tot deze zone.",2,,400x600,600x900,,Bij begin van de in te stellen zone,1500,2100,,"Kan worden aangevuld met tijdsaanduiding, betalend, bewoners, …Kan door ander parkeerbord opgeheven worden. Zie KB 1/12/1975 art.65.5 en MB 11/10/1976 art.6.7"
ZE9aGVIIb/,,Einde van een zone met beperkte parkeertijd,Het verkeersbord betreffende het einde van een zone wordt geplaatst aan elke uitgang,2,,400x600,600x900,,Aan het einde van de zone,1500,2100,,Zie KB 1/12/1975 art.65.5 en MB 11/10/1976 art.6.7
ZE9b,,Begin van een zone waar het parkeren voorbehouden is voor personenauto's,"Het verkeersbord betreffende het begin van een zone waar een bijzonder verbod of een bijzondere regel inzake parkeren van toepassing is, wordt rechts geplaatst aan elke toegang tot deze zone.",2,,400x600,600x900,,Bij begin van de in te stellen zone,1500,2100,,Zie KB 1/12/1975 art.65.5 en MB 11/10/1976 art.6.7
ZE9b/,,Einde van een zone waar het parkeren voorbehouden is voor personenauto's,Het verkeersbord betreffende het einde van een zone wordt geplaatst aan elke uitgang.,2,,400x600,600x900,,Aan het einde van de zone,1500,2100,,Zie KB 1/12/1975 art.65.5 en MB 11/10/1976 art.6.7
