Bord;Categorie;OpstelHoogte;FolieType;OudBord;Selectie1;Selectie2;Selectie3;Selectie4;Selectie5;Selectie6;Selectie7;Selectie8;Selectie9;Label1;Label2;Label3;Label4;Label5;Label6;Label7;Label8;Label9;Dep1;Dep2;Dep3;Dep4;Dep5;Dep6;Dep7;Dep8;Dep9;Vorm;SVG;Prop;Generator;GrayImage;Validatie1;Validatie2;Validatie3;Validatie4;Validatie5;Validatie6;Validatie7;Validatie8;Validatie9;ValidatieText1;ValidatieText2;ValidatieText3;ValidatieText4;ValidatieText5;ValidatieText6;ValidatieText7;ValidatieText8;ValidatieText9;OpZoneBord;SVGAlsBord
A11;A;1500;3;;700, 900, 1100;;;;;;;;;Afmetingen;;;;;;;;;;;;;;;;;;dh;A11;;;;;;;;;;;;;;;;;;;;;;;
A13;A;1500;3;;700, 900, 1100;;;;;;;;;Afmetingen;;;;;;;;;;;;;;;;;;dh;A13;;;;;;;;;;;;;;;;;;;;;;;
A14;A;1500;3;;700, 900, 1100;;;;;;;;;Afmetingen;;;;;;;;;;;;;;;;;;dh;A14;;;;;;;;;;;;;;;;;;;;;;;
A15;A;1500;3;;700, 900, 1100;;;;;;;;;Afmetingen;;;;;;;;;;;;;;;;;;dh;A15;;;;;;;;;;;;;;;;;;;;;;;
A17;A;1500;3;;700, 900, 1100;;;;;;;;;Afmetingen;;;;;;;;;;;;;;;;;;dh;A17;;;;;;;;;;;;;;;;;;;;;;;
A19;A;1500;3;;700, 900, 1100;;;;;;;;;Afmetingen;;;;;;;;;;;;;;;;;;dh;A19;;;;;;;;;;;;;;;;;;;;;;;
A1a;A;1500;3;;700, 900, 1100;;;;;;;;;Afmetingen;;;;;;;;;;;;;;;;;;dh;A1a;;;;;;;;;;;;;;;;;;;;;;;
A1b;A;1500;3;;700, 900, 1100;;;;;;;;;Afmetingen;;;;;;;;;;;;;;;;;;dh;A1b;;;;;;;;;;;;;;;;;;;;;;;
A1c;A;1500;3;;700, 900, 1100;;;;;;;;;Afmetingen;;;;;;;;;;;;;;;;;;dh;A1c;;;;;;;;;;;;;;;;;;;;;;;
A1d;A;1500;3;;700, 900, 1100;;;;;;;;;Afmetingen;;;;;;;;;;;;;;;;;;dh;A1d;;;;;;;;;;;;;;;;;;;;;;;
A21;A;1500;3;;700, 900, 1100;;;;;;;;;Afmetingen;;;;;;;;;;;;;;;;;;dh;A21;;;;;;;;;;;;;;;;;;;;;;;
A23;A;1500;3;;700, 900, 1100;;;;;;;;;Afmetingen;;;;;;;;;;;;;;;;;;dh;A23;;;;;;;;;;;;;;;;;;;;;;;
A25;A;1500;3;;700, 900, 1100;;;;;;;;;Afmetingen;;;;;;;;;;;;;;;;;;dh;A25;;;;;;;;;;;;;;;;;;;;;;;
A27;A;1500;3;;700, 900, 1100;;;;;;;;;Afmetingen;;;;;;;;;;;;;;;;;;dh;A27;;;;;;;;;;;;;;;;;;;;;;;
A29;A;1500;3;;700, 900, 1100;;;;;;;;;Afmetingen;;;;;;;;;;;;;;;;;;dh;A29;;;;;;;;;;;;;;;;;;;;;;;
A3;A;1500;3;;700, 900, 1100;decimal;;;;;;;;Afmetingen;Hellingsgraad;;;;;;;;;;;;;;;;;dh;A3;A3;;;;;;;;;;;;;;;;;;;;;;
A31;A;1500;3;;700, 900, 1100;;;;;;;;;Afmetingen;;;;;;;;;;;;;;;;;;dh;A31;;;;;;;;;;;;;;;;;;;;;;;
A33;A;1500;3;;700, 900, 1100;;;;;;;;;Afmetingen;;;;;;;;;;;;;;;;;;dh;A33;;;;;;;;;;;;;;;;;;;;;;;
A35;A;1500;3;;700, 900, 1100;;;;;;;;;Afmetingen;;;;;;;;;;;;;;;;;;dh;A35;;;;;;;;;;;;;;;;;;;;;;;
A37;A;1500;3;;700, 900, 1100;;;;;;;;;Afmetingen;;;;;;;;;;;;;;;;;;dh;A37;;;;;;;;;;;;;;;;;;;;;;;
A39;A;1500;3;;700, 900, 1100;;;;;;;;;Afmetingen;;;;;;;;;;;;;;;;;;dh;A39;;;;;;;;;;;;;;;;;;;;;;;
A41;A;1500;3;;700, 900, 1100;;;;;;;;;Afmetingen;;;;;;;;;;;;;;;;;;dh;A41;;;;;;;;;;;;;;;;;;;;;;;
A43;A;1500;3;;700, 900, 1100;;;;;;;;;Afmetingen;;;;;;;;;;;;;;;;;;dh;A43;;;;;;;;;;;;;;;;;;;;;;;
A45;A;1500;;;962x962;;;;;;;;;Afmetingen;;;;;;;;;;;;;;;;;;rh;A45;;;;;;;;;;;;;;;;;;;;;;;
A47;A;1500;;;962x1452;;;;;;;;;Afmetingen;;;;;;;;;;;;;;;;;;rh;A47;;;;;;;;;;;;;;;;;;;;;;;
A49;A;1500;3;;700, 900, 1100;;;;;;;;;Afmetingen;;;;;;;;;;;;;;;;;;dh;A49;;;;;;;;;;;;;;;;;;;;;;;
A5;A;1500;3;;700, 900, 1100;decimal;;;;;;;;Afmetingen;Hellingsgraad;;;;;;;;;;;;;;;;;dh;A5;A5;;;;;;;;;;;;;;;;;;;;;;
A51;A;1500;3;;700, 900, 1100;;;;;;;;;Afmetingen;;;;;;;;;;;;;;;;;;dh;A51;;;;;;;;;;;;;;;;;;;;;;;
A7a;A;1500;3;;700, 900, 1100;;;;;;;;;Afmetingen;;;;;;;;;;;;;;;;;;dh;A7a;;;;;;;;;;;;;;;;;;;;;;;
A7b;A;1500;3;;700, 900, 1100;;;;;;;;;Afmetingen;;;;;;;;;;;;;;;;;;dh;A7b;;;;;;;;;;;;;;;;;;;;;;;
A7c;A;1500;3;;700, 900, 1100;;;;;;;;;Afmetingen;;;;;;;;;;;;;;;;;;dh;A7c;;;;;;;;;;;;;;;;;;;;;;;
A9;A;1500;3;;700, 900, 1100;;;;;;;;;Afmetingen;;;;;;;;;;;;;;;;;;dh;A9;;;;;;;;;;;;;;;;;;;;;;;
B1;B;1500;3;;700, 900, 1100, 400, 300;;;;;;;;;Afmetingen;;;;;;;;;;;;;;;;;;odh;B1-{-1};;;;;;;;;;;;;;;;;;;;;;;
B11;B;1500;2;;400, 700, 900, 1100;;;;;;;;;Afmetingen;;;;;;;;;;;;;;;;;;rt;B11;;;;;;;;;;;;;;;;;;;;;;;
B15a;B;1500;2;;400, 700, 900;;;;;;;;;Afmetingen;;;;;;;;;;;;;;;;;;dh;B15a;;;;;;;;;;;;;;;;;;;;;;;
B15b;B;1500;2;;400, 700, 900;;;;;;;;;Afmetingen;;;;;;;;;;;;;;;;;;dh;B15b;;;;;;;;;;;;;;;;;;;;;;;
B15c;B;1500;2;;400, 700, 900;;;;;;;;;Afmetingen;;;;;;;;;;;;;;;;;;dh;B15c;;;;;;;;;;;;;;;;;;;;;;;
B15cg;B;1500;2;;400, 700, 900;;;;;;;;;Afmetingen;;;;;;;;;;;;;;;;;;dh;B15cg;;;;;;;;;;;;;;;;;;;;;;;
B15d;B;1500;2;;400, 700, 900;;;;;;;;;Afmetingen;;;;;;;;;;;;;;;;;;dh;B15d;;;;;;;;;;;;;;;;;;;;;;;
B15e;B;1500;2;;400, 700, 900;;;;;;;;;Afmetingen;;;;;;;;;;;;;;;;;;dh;B15e;;;;;;;;;;;;;;;;;;;;;;;
B15f;B;1500;2;;400, 700, 900;;;;;;;;;Afmetingen;;;;;;;;;;;;;;;;;;dh;B15f;;;;;;;;;;;;;;;;;;;;;;;
B15g;B;1500;2;;400, 700, 900;;;;;;;;;Afmetingen;;;;;;;;;;;;;;;;;;dh;B15g;;;;;;;;;;;;;;;;;;;;;;;
B17;B;1500;3;;400, 700, 900;;;;;;;;;Afmetingen;;;;;;;;;;;;;;;;;;dh;B17;;;;;;;;;;;;;;;;;;;;;;;
B19;B;1500;3;;400, 700;;;;;;;;;Afmetingen;;;;;;;;;;;;;;;;;;ro;B19;;;;;;;;;;;;;;;;;;;;;;;
B21;B;1500;2;;400x600;;;;;;;;;Afmetingen;;;;;;;;;;;;;;;;;;rh;B21;;;;;;;;;;;;;;;;;;;;;;;
B22;B;1500;3;;700, 900, 400, 300;;;;;;;;;Afmetingen;;;;;;;;;;;;;;;;;;odh;B22;;;;;;;;;;;;;;;;;;;;;;;
B23;B;1500;3;;700, 900, 400, 300;;;;;;;;;Afmetingen;;;;;;;;;;;;;;;;;;odh;B23;;;;;;;;;;;;;;;;;;;;;;;
B5;B;1500;3;;700, 900, 400, 300;;;;;;;;;Afmetingen;;;;;;;;;;;;;;;;;;ah;B5;;;;;;;;;;;;;;;;;;;;;;;
B9;B;1500;2;;400, 700, 900, 1100;;;;;;;;;Afmetingen;;;;;;;;;;;;;;;;;;rt;B9;;;;;;;;;;;;;;;;;;;;;;;
C1;C;1500;3;;400, 700, 900, 1100;;;;;;;;;Afmetingen;;;;;;;;;;;;;;;;;;ro;C1;;;;;;;;;;;;;;;;;;;;;;;
C11;C;1000;3;;400, 700, 900;;;;;;;;;Afmetingen;;;;;;;;;;;;;;;;;;ro;C11;;;;;;;;;;;;;;;;;;;;;;ja;
C11-C19;C;1000;3;;400, 700, 900;;;;;;;;;Afmetingen;;;;;;;;;;;;;;;;;;ro;C11_C19;;;;;;;;;;;;;;;;;;;;;;;
C13;C;1500;3;;400, 700, 900;;;;;;;;;Afmetingen;;;;;;;;;;;;;;;;;;ro;C13;;;;;;;;;;;;;;;;;;;;;;ja;
C15;C;1500;3;;400, 700, 900;;;;;;;;;Afmetingen;;;;;;;;;;;;;;;;;;ro;C15;;;;;;;;;;;;;;;;;;;;;;ja;
C17;C;1000;3;;400, 700, 900;;;;;;;;;Afmetingen;;;;;;;;;;;;;;;;;;ro;C17;;;;;;;;;;;;;;;;;;;;;;ja;
C19;C;1000;3;;400, 700, 900;;;;;;;;;Afmetingen;;;;;;;;;;;;;;;;;;ro;C19;;;;;;;;;;;;;;;;;;;;;;ja;
C21;C;1500;3;;400, 700, 900;decimal;;;;;;;;Afmetingen;Tonnage;;;;;;;;;;;;;;;;;ro;C21;C21;;C21_gray;;;;;;;;;;;;;;;;;;;ja;
C22;C;1500;3;;400, 700, 900;;;;;;;;;Afmetingen;;;;;;;;;;;;;;;;;;ro;C22;;;;;;;;;;;;;;;;;;;;;;ja;
C23;C;1500;3;;400, 700, 900;;;;;;;;;Afmetingen;;;;;;;;;;;;;;;;;;ro;C23;;;C23_gray;;;;;;;;;;;;;;;;;;;ja;
C24a;C;1500;3;;700, 900;;;;;;;;;Afmetingen;;;;;;;;;;;;;;;;;;ro;C24a;;;;;;;;;;;;;;;;;;;;;;ja;
C24b;C;1500;3;;700, 900;;;;;;;;;Afmetingen;;;;;;;;;;;;;;;;;;ro;C24b;;;;;;;;;;;;;;;;;;;;;;ja;
C24c;C;1500;3;;700, 900;;;;;;;;;Afmetingen;;;;;;;;;;;;;;;;;;ro;C24c;;;;;;;;;;;;;;;;;;;;;;ja;
C25;C;1500;3;;400, 700, 900;afstand;;;;;;;;Afmetingen;Lengte;;;;;;;;;;;;;;;;;ro;C25;C25;;;;;;;;;;;;;;;;;;;;;ja;
C27;C;1500;3;;400, 700;decimal;;;;;;;;Afmetingen;Breedte;;;;;;;;;;;;;;;;;ro;C27;C27;;;;;;;;;;;;;;;;;;;;;ja;
C29;C;1500;3;;400, 700, 900;decimal;;;;;;;;Afmetingen;Hoogte;;;;;;;;;;;;;;;;;ro;C29;C29;;;;;;;;;;;;;;;;;;;;;ja;
C3;C;1500;3;;400, 700, 900;;;;;;;;;Afmetingen;;;;;;;;;;;;;;;;;;ro;C3;;;;;;;;;;;;;;;;;;;;;;ja;
C31a;C;1500;3;;400, 700, 900;;;;;;;;;Afmetingen;;;;;;;;;;;;;;;;;;ro;C31a;;;;;;;;;;;;;;;;;;;;;;;
C31b;C;1500;3;;400, 700, 900;;;;;;;;;Afmetingen;;;;;;;;;;;;;;;;;;ro;C31b;;;;;;;;;;;;;;;;;;;;;;;
C33;C;1500;3;;400, 700, 900;;;;;;;;;Afmetingen;;;;;;;;;;;;;;;;;;ro;C33;;;;;;;;;;;;;;;;;;;;;;;
C35;C;1500;3;;400, 700, 900;;;;;;;;;Afmetingen;;;;;;;;;;;;;;;;;;ro;C35;;;;;;;;;;;;;;;;;;;;;;ja;
C37;C;1500;3;;400, 700, 900;;;;;;;;;Afmetingen;;;;;;;;;;;;;;;;;;ro;C37;;;;;;;;;;;;;;;;;;;;;;ja;
C39;C;1500;3;;400, 700, 900;;;;;;;;;Afmetingen;;;;;;;;;;;;;;;;;;ro;C39;;;;;;;;;;;;;;;;;;;;;;ja;
C41;C;1500;3;;400, 700, 900;;;;;;;;;Afmetingen;;;;;;;;;;;;;;;;;;ro;C41;;;;;;;;;;;;;;;;;;;;;;ja;
C43;C;1500;3;;400, 700, 900;Neen, Ja;30, 50, 70, 90, 100 + number;;;;;;;Afmetingen;Opschrift 'Km';Snelheidsregime;;;;;;;;;;;;;;;;ro;C43-{0};C43-{0};;C43_gray;;;;;;;;;;;;;;;;;;;ja;
C45;C;1500;3;;400, 700, 900;30, 50, 70, 90, 100 + number;;;;;;;;Afmetingen;Snelheidsregime;;;;;;;;;;;;;;;;;ro;C45;C45;;;;;;;;;;;;;;;;;;;;;ja;
C46;C;1500;3;;400, 700, 900;;;;;;;;;Afmetingen;;;;;;;;;;;;;;;;;;ro;C46;;;;;;;;;;;;;;;;;;;;;;ja;
C47;C;1500;3;;400, 700, 900;;;;;;;;;Afmetingen;;;;;;;;;;;;;;;;;;ro;C47;;;;;;;;;;;;;;;;;;;;;;;
C48;C;1500;3;;900;;;;;;;;;Afmetingen;;;;;;;;;;;;;;;;;;ro;C48;;;;;;;;;;;;;;;;;;;;;;ja;
C49;C;1500;3;;900;;;;;;;;;Afmetingen;;;;;;;;;;;;;;;;;;ro;C49;;;;;;;;;;;;;;;;;;;;;;ja;
C5;C;1500;3;;400, 700, 900;;;;;;;;;Afmetingen;;;;;;;;;;;;;;;;;;ro;C5;;;;;;;;;;;;;;;;;;;;;;ja;
C5-C7;C;1500;3;;400, 700, 900;;;;;;;;;Afmetingen;;;;;;;;;;;;;;;;;;ro;C5_C7;;;;;;;;;;;;;;;;;;;;;;;
C5-C7-C9;C;1500;3;;400, 700, 900;;;;;;;;;Afmetingen;;;;;;;;;;;;;;;;;;ro;C5_C7_C9;;;;;;;;;;;;;;;;;;;;;;;
C5-C7-C15;C;1500;3;;400, 700, 900;;;;;;;;;Afmetingen;;;;;;;;;;;;;;;;;;ro;C5-C7-C15;;;;;;;;;;;;;;;;;;;;;;;
C6;C;1500;3;;400, 700, 900;;;;;;;;;Afmetingen;;;;;;;;;;;;;;;;;;ro;C6;;;;;;;;;;;;;;;;;;;;;;ja;
C7;C;1500;3;;400, 700, 900;;;;;;;;;Afmetingen;;;;;;;;;;;;;;;;;;ro;C7;;;;;;;;;;;;;;;;;;;;;;ja;
C7-C9;C;1500;3;;400, 700, 900;;;;;;;;;Afmetingen;;;;;;;;;;;;;;;;;;ro;C7-C9;;;;;;;;;;;;;;;;;;;;;;;
C9;C;1000;3;;400, 700, 900;;;;;;;;;Afmetingen;;;;;;;;;;;;;;;;;;ro;C9;;;;;;;;;;;;;;;;;;;;;;ja;
C9-C11;C;1000;3;;400, 700, 900;;;;;;;;;Afmetingen;;;;;;;;;;;;;;;;;;ro;C9_C11;;;;;;;;;;;;;;;;;;;;;;;
Cxx;#XX;1500;3;;400, 700, 900;opschriften;;;;;;;;Afmetingen;Opschriften;;;;;;;;;;;;;;;;;ro;Cxx;Cxx;;;;;;;;;;;;;;;;;;;;;;ja
Cxx-Hond;#XX;1500;3;;400, 700, 900;;;;;;;;;Afmetingen;;;;;;;;;;;;;;;;;;ro;Cxx-Hond;;;;;;;;;;;;;;;;;;;;;;;
D10;D;1000;1;;400, 700, 900;;;;;;;;;Afmetingen;;;;;;;;;;;;;;;;;;ro;D10;;;;;;;;;;;;;;;;;;;;;;;
D11;D;1000;1;;400, 700, 900;;;;;;;;;Afmetingen;;;;;;;;;;;;;;;;;;ro;D11;;;;;;;;;;;;;;;;;;;;;;;
D13;D;1500;1;;400, 700, 900;;;;;;;;;Afmetingen;;;;;;;;;;;;;;;;;;ro;D13;;;;;;;;;;;;;;;;;;;;;;;
D1a;D;1500;2;;400, 700, 900;;;;;;;;;Afmetingen;;;;;;;;;;;;;;;;;;ro;D1a;;;;;;;;;;;;;;;;;;;;;;;
D1b;D;1500;2;;400, 700, 900;links, rechts;;;;;;;;Afmetingen;Richting pijl;;;;;;;;;;;;;;;;;ro;D1b-links,D1b-rechts;;;;;;;;;;;;;;;;;;;;;;;
D1c;D;1000;2;;400, 700, 900;;;;;;;;;Afmetingen;;;;;;;;;;;;;;;;;;ro;D1c;;;;;;;;;;;;;;;;;;;;;;;
D1d;D;1000;2;;400, 700, 900;;;;;;;;;Afmetingen;;;;;;;;;;;;;;;;;;ro;D1d;;;;;;;;;;;;;;;;;;;;;;;
D1e;D;1500;2;;400, 700, 900;;;;;;;;;Afmetingen;;;;;;;;;;;;;;;;;;ro;D1e;;;;;;;;;;;;;;;;;;;;;;;
D1f;D;1500;2;;400, 700, 900;;;;;;;;;Afmetingen;;;;;;;;;;;;;;;;;;ro;D1f;;;;;;;;;;;;;;;;;;;;;;;
D3a;D;1500;2;;400, 700, 900;;;;;;;;;Afmetingen;;;;;;;;;;;;;;;;;;ro;D3a;;;;;;;;;;;;;;;;;;;;;;;
D3b;D;1500;2;;400, 700, 900;;;;;;;;;Afmetingen;;;;;;;;;;;;;;;;;;ro;D3b;;;;;;;;;;;;;;;;;;;;;;;
D4;D;1500;2;;600x900, 900x1300, 1200x1800;links,rechts,rechtdoor, D3a,D3b;;;;;;;;Afmetingen;Richting pijl;;;;;;;;;;;;;;;;;rh;D4-links,D4-rechts,D4-rechtdoor,D4_D3a,D4_D3b;;;;;;;;;;;;;;;;;;;;;;;
D5;D;1000;2;;400, 700, 900;;;;;;;;;Afmetingen;;;;;;;;;;;;;;;;;;ro;D5;;;;;;;;;;;;;;;;;;;;;;;
D7;D;1000;1;;400, 700, 900, 300;;;;;;;;;Afmetingen;;;;;;;;;;;;;;;;;;ro;D7;;;;;;;;;;;;;;;;;;;;;;;
D9a;D;1000;1;;400, 700, 900;;;;;;;;;Afmetingen;;;;;;;;;;;;;;;;;;ro;D9a;;;;;;;;;;;;;;;;;;;;;;;
D9b;D;1000;1;;400, 700, 900;;;;;;;;;Afmetingen;;;;;;;;;;;;;;;;;;ro;D9b;;;;;;;;;;;;;;;;;;;;;;;
E1;E;2100;1;;400, 700, 900;;;;;;;;;Afmetingen;;;;;;;;;;;;;;;;;;ro;E1;;;;;;;;;;;;;;;;;;;;;;ja;
E11;E;2100;1;;400, 700, 900;;;;;;;;;Afmetingen;;;;;;;;;;;;;;;;;;ro;E11;;;;;;;;;;;;;;;;;;;;;;;
E3;E;2100;1;;400, 700, 900;;;;;;;;;Afmetingen;;;;;;;;;;;;;;;;;;ro;E3;;;;;;;;;;;;;;;;;;;;;;ja;
E5;E;2100;1;;400, 700, 900;;;;;;;;;Afmetingen;;;;;;;;;;;;;;;;;;ro;E5;;;;;;;;;;;;;;;;;;;;;;;
E7;E;2100;1;;400, 700, 900;;;;;;;;;Afmetingen;;;;;;;;;;;;;;;;;;ro;E7;;;;;;;;;;;;;;;;;;;;;;;
E9a;E;2100;1;;400x600;;;;;;;;;Afmetingen;;;;;;;;;;;;;;;;;;rh;E9a;;;;;;;;;;;;;;;;;;;;;;ja;
E9a-GVIIb;E;2100;1;;400x600;;;;;;;;;Afmetingen;;;;;;;;;;;;;;;;;;rh;E9a-GVIIb;;;;;;;;;;;;;;;;;;;;;;ja;
E9a-GVIId;E;2100;1;;400x600;;;;;;;;;Afmetingen;;;;;;;;;;;;;;;;;;rh;E9a-GVIId;;;;;;;;;;;;;;;;;;;;;;ja;
E9b;E;2100;1;;400x600;;;;;;;;;Afmetingen;;;;;;;;;;;;;;;;;;rh;E9b;;;;;;;;;;;;;;;;;;;;;;ja;
E9c;E;2100;1;;400x600;;;;;;;;;Afmetingen;;;;;;;;;;;;;;;;;;rh;E9c;;;;;;;;;;;;;;;;;;;;;;ja;
E9d;E;2100;1;;400x600;;;;;;;;;Afmetingen;;;;;;;;;;;;;;;;;;rh;E9d;;;;;;;;;;;;;;;;;;;;;;ja;
E9e;E;2100;1;;400x600;;;;;;;;;Afmetingen;;;;;;;;;;;;;;;;;;rh;E9e;;;;;;;;;;;;;;;;;;;;;;ja;
E9f;E;2100;1;;400x600;;;;;;;;;Afmetingen;;;;;;;;;;;;;;;;;;rh;E9f;;;;;;;;;;;;;;;;;;;;;;ja;
E9g;E;2100;1;;400x600;;;;;;;;;Afmetingen;;;;;;;;;;;;;;;;;;rh;E9g;;;;;;;;;;;;;;;;;;;;;;ja;
E9h;E;2100;1;;400x600;;;;;;;;;Afmetingen;;;;;;;;;;;;;;;;;;rh;E9h;;;;;;;;;;;;;;;;;;;;;;ja;
E9i;E;2100;1;;400x600;;;;;;;;;Afmetingen;;;;;;;;;;;;;;;;;;rh;E9i;;;;;;;;;;;;;;;;;;;;;;ja;
F101a;F;1500;1;;400x400, 700x700, 900x900;;;;;;;;;Afmetingen;;;;;;;;;;;;;;;;;;rh;F101a;;;;;;;;;;;;;;;;;;;;;;;ja
F101b;F;1500;1;;400x400, 700x700, 900x900;;;;;;;;;Afmetingen;;;;;;;;;;;;;;;;;;rh;F101b;;;;;;;;;;;;;;;;;;;;;;;ja
F101c;F;1500;1;;400x400, 700x700, 900x900;;;;;;;;;Afmetingen;;;;;;;;;;;;;;;;;;rh;F101c;;;;;;;;;;;;;;;;;;;;;;;ja
F103;F;1500;1;;400x600, 600x900;zonder opschrift, met opschrift;opschriften;;;;;;;Afmetingen;Is er een opschrift?;Opschriften;;;;;;;;;Selectie2 == 'met opschrift';;;;;;;rh;F103-{0};F103;;;;;;;;;;;;;;;;;;;;;;ja
F105;F;1500;1;;400x600, 600x900;zonder opschrift, met opschrift;opschriften;;;;;;;Afmetingen;Is er een opschrift?;Opschriften;;;;;;;;;Selectie2 == 'met opschrift';;;;;;;rh;F105-{0};F105;;;;;;;;;;;;;;;;;;;;;;ja
F107;F;1500;2;;600x900, 900x1300;;;;;;;;;Afmetingen;;;;;;;;;;;;;;;;;;rh;F107;;;;;;;;;;;;;;;;;;;;;;;
F109;F;1500;2;;600x900, 900x1300;;;;;;;;;Afmetingen;;;;;;;;;;;;;;;;;;rh;F109;;;;;;;;;;;;;;;;;;;;;;;
F11;F;1500;2;;900x900;;;;;;;;;Afmetingen;;;;;;;;;;;;;;;;;;rh;F11;;;;;;;;;;;;;;;;;;;;;;;
F111;F;1500;2;;400x600, 600x900;;;;;;;;;Afmetingen;;;;;;;;;;;;;;;;;;rh;F111;;;;;;;;;;;;;;;;;;;;;;;
F113;F;1500;2;;400x600, 600x900;;;;;;;;;Afmetingen;;;;;;;;;;;;;;;;;;rh;F113;;;;;;;;;;;;;;;;;;;;;;;
F117;F;1500;2;;400x600, 600x900;;;;;;;;;Afmetingen;;;;;;;;;;;;;;;;;;rh;F117;;;;;;;;;;;;;;;;;;;;;;;
F118;F;1500;2;;400x600, 600x900;;;;;;;;;Afmetingen;;;;;;;;;;;;;;;;;;rh;F118;;;;;;;;;;;;;;;;;;;;;;;
F12a;F;1500;2;;900x600;;;;;;;;;Afmetingen;;;;;;;;;;;;;;;;;;rh;F12a;;;;;;;;;;;;;;;;;;;;;;;
F12b;F;1500;2;;900x600;;;;;;;;;Afmetingen;;;;;;;;;;;;;;;;;;rh;F12b;;;;;;;;;;;;;;;;;;;;;;;
F13;F;1500;2;;700x900, 900x900, 1100x900, 1300x900, 1100x1100, 1300x1100, 1500x1100, 700x700;1, 2, 3, 4, 5;geen pijl, rechtdoor, links, rechts, rechtdoor en rechts, rechtdoor en links, links en rechtdoor en rechts, links en rechts;geen pijl, rechtdoor, links, rechts, rechtdoor en rechts, rechtdoor en links, links en rechtdoor en rechts, links en rechts;geen pijl, rechtdoor, links, rechts, rechtdoor en rechts, rechtdoor en links, links en rechtdoor en rechts, links en rechts;geen pijl, rechtdoor, links, rechts, rechtdoor en rechts, rechtdoor en links, links en rechtdoor en rechts, links en rechts;geen pijl, rechtdoor, links, rechts, rechtdoor en rechts, rechtdoor en links, links en rechtdoor en rechts, links en rechts;stippellijn, geblokte lijn, volle lijn;;Afmetingen;Aantal rijstroken;Richting pijl rijstrook 1;Richting pijl rijstrook 2;Richting pijl rijstrook 3;Richting pijl rijstrook 4;Richting pijl rijstrook 5;Type lijn;;;;Selectie2 >= 1;Selectie2 >= 2;Selectie2 >= 3;Selectie2 >= 4;Selectie2 >= 5;;;rh;F13;;F13;;;;;;;;;;;;;;;;;;;;;ja
F14;F;1500;2;;700x900, 900x900, 1100x900, 1300x900, 1100x1100, 1300x1100, 1500x1100, 700x700;1, 2, 3, 4, 5;geen pijl, rechtdoor, links, rechts, rechtdoor en rechts, rechtdoor en links, links en rechtdoor en rechts, links en rechts;geen pijl, rechtdoor, links, rechts, rechtdoor en rechts, rechtdoor en links, links en rechtdoor en rechts, links en rechts;geen pijl, rechtdoor, links, rechts, rechtdoor en rechts, rechtdoor en links, links en rechtdoor en rechts, links en rechts;geen pijl, rechtdoor, links, rechts, rechtdoor en rechts, rechtdoor en links, links en rechtdoor en rechts, links en rechts;geen pijl, rechtdoor, links, rechts, rechtdoor en rechts, rechtdoor en links, links en rechtdoor en rechts, links en rechts;;;Afmetingen;Aantal rijstroken;Richting pijl rijstrook 1;Richting pijl rijstrook 2;Richting pijl rijstrook 3;Richting pijl rijstrook 4;Richting pijl rijstrook 5;;;;;Selectie2 >= 1;Selectie2 >= 2;Selectie2 >= 3;Selectie2 >= 4;Selectie2 >= 5;;;rh;F14;;F14;;;;;;;;;;;;;;;;;;;;;ja
F15;F;5500;3;;4000x2500, 4000x3000, 4000x3500, 4000x4000, 4000x4500, 4000x5000, 4000x5500, 4000x6000, 5500x2500, 5500x3000, 5500x3500, 5500x4000, 5500x4500, 5500x5000, 9000x2500, 9000x3000, 9000x3500, 9000x4000, 9000x4500, 9000x5000, 13000x2500, 13000x3000, 13000x3500, 13000x4000, 13000x4500, 13000x5000;opschriften;symbolen;;;;;;;Afmetingen;Opschriften;Symbolen;;;;;;;;;;;;;;;;rh;F15;F15;;;;;;;;;;;;;;;;;;;;;;ja
F17;F;1500;2;;700x900, 900x900, 1100x900, 1300x900, 1100x1100, 1300x1100, 1500x1100, 700x700;1, 2, 3, 4, 5;1, 2, 3, 4, 5;stippellijn, geblokte lijn, volle lijn;;;;;;Afmetingen;Aantal rijstroken;Positie busstrook;Type lijn;;;;;;;;;;;;;;;rh;F17;;F17;;;;Selectie3 <= Selectie2;;;;;;;;;De positie van de busstrook moet geldig zijn.;;;;;;;;ja
F18;F;1500;2;;700x900, 900x900, 1100x900, 1300x900, 1100x1100, 1300x1100, 1500x1100, 700x700;1, 2, 3, 4, 5;1, 2, 3, 4, 5;bus, tram, tram en bus, bus en tram en taxi, taxi en bus;boven, onder, geen;boven, onder, geen;boven, onder, geen;boven, onder, geen;stippellijn, geblokte lijn, volle lijn;Afmetingen;Aantal rijstroken;Positie voorbehouden strook;Strook voorbehouden aan;Richting pijl rijstrook 1;Richting pijl rijstrook 2;Richting pijl rijstrook 3;Richting pijl rijstrook 4;Type lijn;;;;;Selectie2 >= 2;Selectie2 >= 3;Selectie2 >= 4;Selectie2 >= 5;;rh;F18;;F18;;;;Selectie3 <= Selectie2;;;;;;;;;De positie van de voorbehouden strook moet geldig zijn.;;;;;;;;ja
F19;F;1500;2;;400x400, 700x700, 900x900;;;;;;;;;Afmetingen;;;;;;;;;;;;;;;;;;rh;F19;;;;;;;;;;;;;;;;;;;;;;;
F1a;F;1500;2;;600x900, 900x600, 700x900, 900x700, 1100x700;text;text;;;;;;;Afmetingen;Deelgemeente;Gemeente;;;;;;;;;;;;;;;;rh;F1a;;F1a;;;;;;;;;;;;;;;;;;;;;ja
F1b;F;1500;2;;600x900, 900x600, 700x900, 900x700, 1100x700;;;;;;;;;Afmetingen;;;;;;;;;;;;;;;;;;rh;F1b;;F1b;;;;;;;;;;;;;;;;;;;;;
F21;F;1000;2;;600x400, 900x600;;;;;;;;;Afmetingen;;;;;;;;;;;;;;;;;;rh;F21;;;;;;;;;;;;;;;;;;;;;;;
F23a;F;1500;2;;450x300, 600x300, 600x400, 800x400, 900x600, 1100x600;text;;;;;;;;Afmetingen;Nummer 'N-weg';;;;;;;;;;;;;;;;;rh;F23a;;F23a;;;;;;;;;;;;;;;;;;;;;
F23b;F;1500;2;;450x300, 600x300, 600x400, 800x400, 900x600, 1100x600;text;;;;;;;;Afmetingen;Nummer 'A-weg';;;;;;;;;;;;;;;;;rh;F23b;;F23b;;;;;;;;;;;;;;;;;;;;;
F23c;F;1500;2;;450x300, 600x300, 600x400, 800x400, 900x600, 1100x600;text;;;;;;;;Afmetingen;Nummer 'E-weg';;;;;;;;;;;;;;;;;rh;F23c;;F23c;;;;;;;;;;;;;;;;;;;;;
F23d;F;1500;2;;450x300, 600x300, 600x400, 800x400, 900x600, 1100x600;text;;;;;;;;Afmetingen;Nummer 'R-weg';;;;;;;;;;;;;;;;;rh;F23d;;F23d;;;;;;;;;;;;;;;;;;;;;
F25;F;1500;3;;1250x1250,1250x1500,1250x1750,1250x2000,1250x2250,1250x2500,1250x2750,1250x3000,1250x3500,1250x4000,1500x1250,1500x1500,1500x1750,1500x2000,1500x2250,1500x2500,1500x2750,1500x3000,1500x3500,1500x4000,1750x1250,1750x1500,1750x1750,1750x2000,1750x2250,1750x2500,1750x2750,1750x3000,1750x3500,1750x4000,2000x1250,2000x1500,2000x1750,2000x2000,2000x2250,2000x2500,2000x2750,2000x3000,2000x3500,2000x4000,2250x1250,2250x1500,2250x1750,2250x2000,2250x2250,2250x2500,2250x2750,2250x3000,2250x3500,2250x4000,2500x1250,2500x1500,2500x1750,2500x2000,2500x2250,2500x2500,2500x2750,2500x3000,2500x3500,2500x4000,2750x1250,2750x1500,2750x1750,2750x2000,2750x2250,2750x2500,2750x2750,2750x3000,2750x3500,2750x4000,3000x1250,3000x1500,3000x1750,3000x2000,3000x2250,3000x2500,3000x2750,3000x3000,3000x3500,3000x4000,3500x1250,3500x1500,3500x1750,3500x2000,3500x2250,3500x2500,3500x2750,3500x3000,3500x3500,3500x4000,4000x1250,4000x1500,4000x1750,4000x2000,4000x2250,4000x2500,4000x2750,4000x3000,4000x3500,4000x4000,;opschriften;symbolen;;;;;;;Afmetingen;Opschriften;Symbolen;;;;;;;;;;;;;;;;rh;F25;F25;;;;;;;;;;;;;;;;;;;;;;ja
F25M;F;1500;3;;1250x1250,1250x1500,1250x1750,1250x2000,1250x2250,1250x2500,1250x2750,1250x3000,1250x3500,1250x4000,1500x1250,1500x1500,1500x1750,1500x2000,1500x2250,1500x2500,1500x2750,1500x3000,1500x3500,1500x4000,1750x1250,1750x1500,1750x1750,1750x2000,1750x2250,1750x2500,1750x2750,1750x3000,1750x3500,1750x4000,2000x1250,2000x1500,2000x1750,2000x2000,2000x2250,2000x2500,2000x2750,2000x3000,2000x3500,2000x4000,2250x1250,2250x1500,2250x1750,2250x2000,2250x2250,2250x2500,2250x2750,2250x3000,2250x3500,2250x4000,2500x1250,2500x1500,2500x1750,2500x2000,2500x2250,2500x2500,2500x2750,2500x3000,2500x3500,2500x4000,2750x1250,2750x1500,2750x1750,2750x2000,2750x2250,2750x2500,2750x2750,2750x3000,2750x3500,2750x4000,3000x1250,3000x1500,3000x1750,3000x2000,3000x2250,3000x2500,3000x2750,3000x3000,3000x3500,3000x4000,3500x1250,3500x1500,3500x1750,3500x2000,3500x2250,3500x2500,3500x2750,3500x3000,3500x3500,3500x4000,4000x1250,4000x1500,4000x1750,4000x2000,4000x2250,4000x2500,4000x2750,4000x3000,4000x3500,4000x4000,;opschriften;symbolen;;;;;;;Afmetingen;Opschriften;Symbolen;;;;;;;;;;;;;;;;rh;F25M;F25M;;;;;;;;;;;;;;;;;;;;;;ja
F25MV;F;1500;2;;1250x1250,1250x1500,1250x1750,1250x2000,1250x2250,1250x2500,1250x2750,1250x3000,1250x3500,1250x4000,1500x1250,1500x1500,1500x1750,1500x2000,1500x2250,1500x2500,1500x2750,1500x3000,1500x3500,1500x4000,1750x1250,1750x1500,1750x1750,1750x2000,1750x2250,1750x2500,1750x2750,1750x3000,1750x3500,1750x4000,2000x1250,2000x1500,2000x1750,2000x2000,2000x2250,2000x2500,2000x2750,2000x3000,2000x3500,2000x4000,2250x1250,2250x1500,2250x1750,2250x2000,2250x2250,2250x2500,2250x2750,2250x3000,2250x3500,2250x4000,2500x1250,2500x1500,2500x1750,2500x2000,2500x2250,2500x2500,2500x2750,2500x3000,2500x3500,2500x4000,2750x1250,2750x1500,2750x1750,2750x2000,2750x2250,2750x2500,2750x2750,2750x3000,2750x3500,2750x4000,3000x1250,3000x1500,3000x1750,3000x2000,3000x2250,3000x2500,3000x2750,3000x3000,3000x3500,3000x4000,3500x1250,3500x1500,3500x1750,3500x2000,3500x2250,3500x2500,3500x2750,3500x3000,3500x3500,3500x4000,4000x1250,4000x1500,4000x1750,4000x2000,4000x2250,4000x2500,4000x2750,4000x3000,4000x3500,4000x4000,;opschriften;symbolen;;;;;;;Afmetingen;Opschriften;Symbolen;;;;;;;;;;;;;;;;rh;F25MV;F25MV;;;;;;;;;;;;;;;;;;;;;;ja
F25R;F;1500;3;;1250x1250,1250x1500,1250x1750,1250x2000,1250x2250,1250x2500,1250x2750,1250x3000,1250x3500,1250x4000,1500x1250,1500x1500,1500x1750,1500x2000,1500x2250,1500x2500,1500x2750,1500x3000,1500x3500,1500x4000,1750x1250,1750x1500,1750x1750,1750x2000,1750x2250,1750x2500,1750x2750,1750x3000,1750x3500,1750x4000,2000x1250,2000x1500,2000x1750,2000x2000,2000x2250,2000x2500,2000x2750,2000x3000,2000x3500,2000x4000,2250x1250,2250x1500,2250x1750,2250x2000,2250x2250,2250x2500,2250x2750,2250x3000,2250x3500,2250x4000,2500x1250,2500x1500,2500x1750,2500x2000,2500x2250,2500x2500,2500x2750,2500x3000,2500x3500,2500x4000,2750x1250,2750x1500,2750x1750,2750x2000,2750x2250,2750x2500,2750x2750,2750x3000,2750x3500,2750x4000,3000x1250,3000x1500,3000x1750,3000x2000,3000x2250,3000x2500,3000x2750,3000x3000,3000x3500,3000x4000,3500x1250,3500x1500,3500x1750,3500x2000,3500x2250,3500x2500,3500x2750,3500x3000,3500x3500,3500x4000,4000x1250,4000x1500,4000x1750,4000x2000,4000x2250,4000x2500,4000x2750,4000x3000,4000x3500,4000x4000,;opschriften;symbolen;;;;;;;Afmetingen;Opschriften;Symbolen;;;;;;;;;;;;;;;;rh;F25R;F25R;;;;;;;;;;;;;;;;;;;;;;ja
F25RV;F;1500;2;;1250x1250,1250x1500,1250x1750,1250x2000,1250x2250,1250x2500,1250x2750,1250x3000,1250x3500,1250x4000,1500x1250,1500x1500,1500x1750,1500x2000,1500x2250,1500x2500,1500x2750,1500x3000,1500x3500,1500x4000,1750x1250,1750x1500,1750x1750,1750x2000,1750x2250,1750x2500,1750x2750,1750x3000,1750x3500,1750x4000,2000x1250,2000x1500,2000x1750,2000x2000,2000x2250,2000x2500,2000x2750,2000x3000,2000x3500,2000x4000,2250x1250,2250x1500,2250x1750,2250x2000,2250x2250,2250x2500,2250x2750,2250x3000,2250x3500,2250x4000,2500x1250,2500x1500,2500x1750,2500x2000,2500x2250,2500x2500,2500x2750,2500x3000,2500x3500,2500x4000,2750x1250,2750x1500,2750x1750,2750x2000,2750x2250,2750x2500,2750x2750,2750x3000,2750x3500,2750x4000,3000x1250,3000x1500,3000x1750,3000x2000,3000x2250,3000x2500,3000x2750,3000x3000,3000x3500,3000x4000,3500x1250,3500x1500,3500x1750,3500x2000,3500x2250,3500x2500,3500x2750,3500x3000,3500x3500,3500x4000,4000x1250,4000x1500,4000x1750,4000x2000,4000x2250,4000x2500,4000x2750,4000x3000,4000x3500,4000x4000,;opschriften;symbolen;;;;;;;Afmetingen;Opschriften;Symbolen;;;;;;;;;;;;;;;;rh;F25RV;F25RV;;;;;;;;;;;;;;;;;;;;;;ja
F25V;F;1500;2;;1250x1250,1250x1500,1250x1750,1250x2000,1250x2250,1250x2500,1250x2750,1250x3000,1250x3500,1250x4000,1500x1250,1500x1500,1500x1750,1500x2000,1500x2250,1500x2500,1500x2750,1500x3000,1500x3500,1500x4000,1750x1250,1750x1500,1750x1750,1750x2000,1750x2250,1750x2500,1750x2750,1750x3000,1750x3500,1750x4000,2000x1250,2000x1500,2000x1750,2000x2000,2000x2250,2000x2500,2000x2750,2000x3000,2000x3500,2000x4000,2250x1250,2250x1500,2250x1750,2250x2000,2250x2250,2250x2500,2250x2750,2250x3000,2250x3500,2250x4000,2500x1250,2500x1500,2500x1750,2500x2000,2500x2250,2500x2500,2500x2750,2500x3000,2500x3500,2500x4000,2750x1250,2750x1500,2750x1750,2750x2000,2750x2250,2750x2500,2750x2750,2750x3000,2750x3500,2750x4000,3000x1250,3000x1500,3000x1750,3000x2000,3000x2250,3000x2500,3000x2750,3000x3000,3000x3500,3000x4000,3500x1250,3500x1500,3500x1750,3500x2000,3500x2250,3500x2500,3500x2750,3500x3000,3500x3500,3500x4000,4000x1250,4000x1500,4000x1750,4000x2000,4000x2250,4000x2500,4000x2750,4000x3000,4000x3500,4000x4000,;opschriften;symbolen;;;;;;;Afmetingen;Opschriften;Symbolen;;;;;;;;;;;;;;;;rh;F25V;F25V;;;;;;;;;;;;;;;;;;;;;;ja
F27;F;1500;3;;1250x1250,1250x1500,1250x1750,1250x2000,1250x2250,1250x2500,1250x2750,1250x3000,1250x3500,1250x4000,1500x1250,1500x1500,1500x1750,1500x2000,1500x2250,1500x2500,1500x2750,1500x3000,1500x3500,1500x4000,1750x1250,1750x1500,1750x1750,1750x2000,1750x2250,1750x2500,1750x2750,1750x3000,1750x3500,1750x4000,2000x1250,2000x1500,2000x1750,2000x2000,2000x2250,2000x2500,2000x2750,2000x3000,2000x3500,2000x4000,2250x1250,2250x1500,2250x1750,2250x2000,2250x2250,2250x2500,2250x2750,2250x3000,2250x3500,2250x4000,2500x1250,2500x1500,2500x1750,2500x2000,2500x2250,2500x2500,2500x2750,2500x3000,2500x3500,2500x4000,2750x1250,2750x1500,2750x1750,2750x2000,2750x2250,2750x2500,2750x2750,2750x3000,2750x3500,2750x4000,3000x1250,3000x1500,3000x1750,3000x2000,3000x2250,3000x2500,3000x2750,3000x3000,3000x3500,3000x4000,3500x1250,3500x1500,3500x1750,3500x2000,3500x2250,3500x2500,3500x2750,3500x3000,3500x3500,3500x4000,4000x1250,4000x1500,4000x1750,4000x2000,4000x2250,4000x2500,4000x2750,4000x3000,4000x3500,4000x4000,;opschriften;symbolen;;;;;;;Afmetingen;Opschriften;Symbolen;;;;;;;;;;;;;;;;rh;F27;F27;;;;;;;;;;;;;;;;;;;;;;ja
F27V;F;1500;2;;1250x1250,1250x1500,1250x1750,1250x2000,1250x2250,1250x2500,1250x2750,1250x3000,1250x3500,1250x4000,1500x1250,1500x1500,1500x1750,1500x2000,1500x2250,1500x2500,1500x2750,1500x3000,1500x3500,1500x4000,1750x1250,1750x1500,1750x1750,1750x2000,1750x2250,1750x2500,1750x2750,1750x3000,1750x3500,1750x4000,2000x1250,2000x1500,2000x1750,2000x2000,2000x2250,2000x2500,2000x2750,2000x3000,2000x3500,2000x4000,2250x1250,2250x1500,2250x1750,2250x2000,2250x2250,2250x2500,2250x2750,2250x3000,2250x3500,2250x4000,2500x1250,2500x1500,2500x1750,2500x2000,2500x2250,2500x2500,2500x2750,2500x3000,2500x3500,2500x4000,2750x1250,2750x1500,2750x1750,2750x2000,2750x2250,2750x2500,2750x2750,2750x3000,2750x3500,2750x4000,3000x1250,3000x1500,3000x1750,3000x2000,3000x2250,3000x2500,3000x2750,3000x3000,3000x3500,3000x4000,3500x1250,3500x1500,3500x1750,3500x2000,3500x2250,3500x2500,3500x2750,3500x3000,3500x3500,3500x4000,4000x1250,4000x1500,4000x1750,4000x2000,4000x2250,4000x2500,4000x2750,4000x3000,4000x3500,4000x4000,;opschriften;symbolen;;;;;;;Afmetingen;Opschriften;Symbolen;;;;;;;;;;;;;;;;rh;F27V;F27V;;;;;;;;;;;;;;;;;;;;;;ja
F29;F;1500;2;;850x200,1000x200,1150x200,1300x200,1250x300,1500x300,1750x300,2000x300,1500x600,1750x600,2000x600;links, rechts;normaal, versmald;text;text;number;number;;;Afmetingen;Richting;Lettertype;Opschrift 1;Opschrift 2;Afstand 1;Afstand 2;;;;;;;Selectie1 == '1500x600' || Selectie1 == '1750x600' || Selectie1 == '2000x600';;Selectie1 == '1500x600' || Selectie1 == '1750x600' || Selectie1 == '2000x600';;;ww;F29-{-1}-{0};F29-{-1}-{0}-{1};;;;;;;;;;;;;;;;;;;;;;
F31;F;1500;2;;850x200,1000x200,1150x200,1300x200,1250x300,1500x300,1750x300,2000x300,1500x600,1750x600,2000x600;links, rechts;normaal, versmald;text;text;number;number;;;Afmetingen;Richting;Lettertype;Opschrift 1;Opschrift 2;Afstand 1;Afstand 2;;;;;;;Selectie1 == '1500x600' || Selectie1 == '1750x600' || Selectie1 == '2000x600';;Selectie1 == '1500x600' || Selectie1 == '1750x600' || Selectie1 == '2000x600';;;ww;F31-{-1}-{0};F31-{-1}-{0}-{1};;;;;;;;;;;;;;;;;;;;;;
F33a;F;1500;2;;850x200,1000x200,1150x200,1300x200,1250x300,1500x300,1750x300,2000x300,1500x600,1750x600,2000x600;links, rechts;normaal, versmald;text;text;number;symbool;;;Afmetingen;Richting;Lettertype;Opschrift 1;Opschrift 2;Afstand;Symbool;;;;;;;Selectie1 == '1500x600' || Selectie1 == '1750x600' || Selectie1 == '2000x600';Selectie1 != '1500x600' && Selectie1 != '1750x600' && Selectie1 != '2000x600';;;;ww;F33a-{-1}-{0};F33a-{-1}-{0}-{1};;;;;;;;;;;;;;;;;;;;;;
F33b;F;1500;2;;850x200,1000x200,1150x200,1300x200,1250x300,1500x300,1750x300,2000x300,1500x600,1750x600,2000x600;links, rechts;normaal, versmald;text;text;number;symbool;;;Afmetingen;Richting;Lettertype;Opschrift 1;Opschrift 2;Afstand;Symbool;;;;;;;Selectie1 == '1500x600' || Selectie1 == '1750x600' || Selectie1 == '2000x600';Selectie1 != '1500x600' && Selectie1 != '1750x600' && Selectie1 != '2000x600';;;;ww;F33b-{-1}-{0};F33b-{-1}-{0}-{1};;;;;;;;;;;;;;;;;;;;;;
F33c;F;1500;2;;850x200,1000x200,1150x200,1300x200,1250x300,1500x300,1750x300,2000x300,1500x600,1750x600,2000x600;links, rechts;normaal, versmald;text;text;symbool;;;;Afmetingen;Richting;Lettertype;Opschrift 1;Opschrift 2;Symbool;;;;;;;;Selectie1 == '1500x600' || Selectie1 == '1750x600' || Selectie1 == '2000x600';;;;;ww;F33c-{-1}-{0};F33c-{-1}-{0}-{1};;;;;;;;;;;;;;;;;;;;;;
F34a;F;1500;2;;900x150,1200x150,1300x180,900x250,1200x250,1300x300;links, rechts;text;text;symbool;;;;;Afmetingen;Richting;Opschrift 1;Opschrift 2;Symbool;;;;;;;;Selectie1 == '900x250' || Selectie1 == '1200x250' || Selectie1 == '1300x300';;;;;;ww-rh;F34a-{-1}-{0};F34a-{-1}-{0};;;;;;;;;;;;;;;;;;;;;;
F34b1;F;1500;1;;900x150,1200x150;links, rechts;normaal, versmald;text;symbool;;;;;Afmetingen;Richting;Lettertype;Opschrift 1;Symbool;;;;;;;;;;;;;;ww-rh;F34b1-{-1}-{0};F34b1-{-1}-{0}-{1};;;;;;;;;;;;;;;;;;;;;;ja
F34b2;F;1500;1;;300x450,400x600;links,rechts,geen;opschriften;symbool;;;;;;Afmetingen;Richting;Opschriften;Symbool;;;;;;;;;;;;;;;ww-rh;F34b2-{0};F34b2;;;;;;;;;;;;;;;;;;;;;;ja
F34c1;F;1500;1;;900x150,1200x150;links, rechts;normaal, versmald;text;symbool;;;;;Afmetingen;Richting;Lettertype;Opschrift 1;Symbool;;;;;;;;;;;;;;ww-rh;F34c1-{-1}-{0};F34c1-{-1}-{0}-{1};;;;;;;;;;;;;;;;;;;;;;ja
F34c2;F;1500;1;;300x450,400x600;links,rechts,geen;opschriften;symbool;;;;;;Afmetingen;Richting;Opschriften;Symbool;;;;;;;;;;;;;;;ww-rh;F34c2-{0};F34c2;;;;;;;;;;;;;;;;;;;;;;ja
F35;F;1500;1;;900x150,1200x150,1300x180,900x250,1200x250,1300x300;links, rechts;text;text;symbool;;;;;Afmetingen;Richting;Opschrift 1;Opschrift 2;Symbool;;;;;;;;Selectie1 == '900x250' || Selectie1 == '1200x250' || Selectie1 == '1300x300';;;;;;ww-rh;F35-{-1}-{0};F35-{-1}-{0};;;;;;;;;;;;;;;;;;;;;;
F37;F;1500;1;;900x150,1200x150,1300x180,900x250,1200x250,1100x200,1300x300;links, rechts;text;text;symbool;;;;;Afmetingen;Richting;Opschrift 1;Opschrift 2;Symbool;;;;;;;;Selectie1 == '900x250' || Selectie1 == '1200x250' || Selectie1 == '1300x300';;;;;;ww-rh;F37-{-1}-{0};F37-{-1}-{0};;;;;;;;;;;;;;;;;;;;;;
F3a;F;1500;2;;600x900, 900x600, 700x900, 900x700, 1100x700;text;text;;;;;;;Afmetingen;Deelgemeente;Gemeente;;;;;;;;;;;;;;;;rh;F3a;;F3a;;;;;;;;;;;;;;;;;;;;;ja
F3b;F;1500;2;;600x900, 900x600, 700x900, 900x700, 1100x700;;;;;;;;;Afmetingen;;;;;;;;;;;;;;;;;;rh;F3b;;F3b;;;;;;;;;;;;;;;;;;;;;
F41;F;1500;3;;1500x300,1750x300,2000x300;links, rechts;text;;;;;;;Afmetingen;Richting;Opschrift;;;;;;;;;;;;;;;;ww;F41-{-1}-{0};F41-{-1}-{0};;;;;;;;;;;;;;;;;;;;;;
F43;F;1000;1;;800x300, 1100x300, 1400x300, 1700x300, 900x700, 1100x700, 1300x700, 1500x900, 1700x900, 1900x900;text;text;;;;;;;Afmetingen;Deelgemeente;Gemeente;;;;;;;;;Selectie1 == '900x700' || Selectie1 == '1100x700' || Selectie1 == '1300x700'|| Selectie1 == '1500x900'|| Selectie1 == '1700x900'|| Selectie1 == '1900x900';;;;;;;rh;F43-{-1};F43-{-1};;;;;;;;;;;;;;;;;;;;;;ja
F45;F;1500;2;;400x600;Geen, Links, Rechts;;;;;;;;Afmetingen;Zijstraat;;;;;;;;;;;;;;;;;rh;F45, F45L, F45R;;;;;;;;;;;;;;;;;;;;;;;
F45b;F;1500;2;;400x600;;;;;;;;;Afmetingen;;;;;;;;;;;;;;;;;;rh;F45b;;;;;;;;;;;;;;;;;;;;;;;ja
F47;F;1500;2;;400x600;;;;;;;;;Afmetingen;;;;;;;;;;;;;;;;;;rh;F47;;;;;;;;;;;;;;;;;;;;;;;
F49;F;1500;2;;700x700, 900x900, 400x400;;;;;;;;;Afmetingen;;;;;;;;;;;;;;;;;;rh;F49;;;;;;;;;;;;;;;;;;;;;;;
F4a;F;1500;2;;400x600, 600x900;;;;;;;;;Afmetingen;;;;;;;;;;;;;;;;;;rh;F4a;;;;;;;;;;;;;;;;;;;;;;;
F4b;F;1500;2;;400x600, 600x900;;;;;;;;;Afmetingen;;;;;;;;;;;;;;;;;;rh;F4b;;;;;;;;;;;;;;;;;;;;;;;
F5;F;1500;2;;600x900;;;;;;;;;Afmetingen;;;;;;;;;;;;;;;;;;rh;F5;;;;;;;;;;;;;;;;;;;;;;;
F50;F;1500;2;;700x700, 900x900, 400x400;;;;;;;;;Afmetingen;;;;;;;;;;;;;;;;;;rh;F50;;;;;;;;;;;;;;;;;;;;;;;
F50bis;F;1500;2;;600x400, 800x400;links, rechts;A21, A25, A21A25, A43, A49;;;;;;;Afmetingen;Richting pijl;A-bord;;;;;;;;;;;;;;;;rh;F50bis-{0}-{1};;;;;;;;;;;;;;;;;;;;;;;
F51a;F;1500;1;;400x600, 600x900;links, rechts;afstand;;;;;;;Afmetingen;Richting pijl;Afstand;;;;;;;;;;;;;;;;rh;F51a-li,F51a-re;F51a;;;;;;;;;;;;;;;;;;;;;;
F51b;F;1500;1;;400x600, 600x900;links, rechts;afstand;;;;;;;Afmetingen;Richting pijl;Afstand;;;;;;;;;;;;;;;;rh;F51b-li,F51b-re;F51b;;;;;;;;;;;;;;;;;;;;;;
F52a;F;1500;2;;400x400;;;;;;;;;Afmetingen;;;;;;;;;;;;;;;;;;rh;F52a;;;;;;;;;;;;;;;;;;;;;;;
F52b;F;1500;2;;400x400;;;;;;;;;Afmetingen;;;;;;;;;;;;;;;;;;rh;F52b;;;;;;;;;;;;;;;;;;;;;;;
F52bisa;F;1500;2;;1200x400;afstand;;;;;;;;Afmetingen;Afstand;;;;;;;;;;;;;;;;;rh;F52bisa;F52bisa;;;;;;;;;;;;;;;;;;;;;;
F52bisb;F;1500;2;;1200x400;afstand;;;;;;;;Afmetingen;Afstand;;;;;;;;;;;;;;;;;rh;F52bisb;F52bisb;;;;;;;;;;;;;;;;;;;;;;
F53;F;1500;1;;400x600, 600x900;;;;;;;;;Afmetingen;;;;;;;;;;;;;;;;;;rh;F53;;;;;;;;;;;;;;;;;;;;;;;
F55;F;1500;1;;400x600, 600x900;;;;;;;;;Afmetingen;;;;;;;;;;;;;;;;;;rh;F55;;;;;;;;;;;;;;;;;;;;;;;
F56;F;1500;1;;400x600, 600x900;;;;;;;;;Afmetingen;;;;;;;;;;;;;;;;;;rh;F56;;;;;;;;;;;;;;;;;;;;;;;
F57;F;1500;1;;900x150, 1200x150;text;;;;;;;;Afmetingen;Naam;;;;;;;;;;;;;;;;;rh;F57-{-1};F57-{-1};;;;;;;;;;;;;;;;;;;;;;
F59;F;1500;1;;400x600, 600x900;links, rechts;;;;;;;;Afmetingen;Richting pijl;;;;;;;;;;;;;;;;;rh;F59_li,F59_re;;;;;;;;;;;;;;;;;;;;;;;
F59a;F;1500;1;;400x600, 600x900;afstand;;;;;;;;Afmetingen;Afstand;;;;;;;;;;;;;;;;;rh;F59a;F59a;;;;;;;;;;;;;;;;;;;;;;
F59b;F;1500;1;;400x600, 600x900;links, rechts;;;;;;;;Afmetingen;Richting pijl;;;;;;;;;;;;;;;;;rh;F59b_li,F59b_re;;;;;;;;;;;;;;;;;;;;;;;
F60;F;1500;1;;400x600, 600x900;;;;;;;;;Afmetingen;;;;;;;;;;;;;;;;;;rh;F60;;;;;;;;;;;;;;;;;;;;;;;
F61;F;1500;1;;400x600, 600x900;;;;;;;;;Afmetingen;;;;;;;;;;;;;;;;;;rh;F61;;;;;;;;;;;;;;;;;;;;;;;
F62;F;1500;1;;400x600, 600x900;;;;;;;;;Afmetingen;;;;;;;;;;;;;;;;;;rh;F62;;;;;;;;;;;;;;;;;;;;;;;
F63;F;1500;1;;400x600, 600x900;geen, LPG, CNG, LNG, H2, elektrisch;;;;;;;;Afmetingen;Symbool;;;;;;;;;;;;;;;;;rh;F63, F63 LPG, F63 CNG,F63 LNG, F63 H2, F63 EL ;;;;;;;;;;;;;;;;;;;;;;;
F65;F;1500;1;;400x600, 600x900;;;;;;;;;Afmetingen;;;;;;;;;;;;;;;;;;rh;F65;;;;;;;;;;;;;;;;;;;;;;;
F67;F;1500;1;;400x600, 600x900;;;;;;;;;Afmetingen;;;;;;;;;;;;;;;;;;rh;F67;;;;;;;;;;;;;;;;;;;;;;;
F69;F;1500;1;;400x600, 600x900;;;;;;;;;Afmetingen;;;;;;;;;;;;;;;;;;rh;F69;;;;;;;;;;;;;;;;;;;;;;;
F7;F;1500;2;;600x900, 1300x1900;;;;;;;;;Afmetingen;;;;;;;;;;;;;;;;;;rh;F7;;;;;;;;;;;;;;;;;;;;;;;
F71;F;1500;1;;400x600, 600x900;;;;;;;;;Afmetingen;;;;;;;;;;;;;;;;;;rh;F71;;;;;;;;;;;;;;;;;;;;;;;
F73;F;1500;1;;400x600, 600x900;;;;;;;;;Afmetingen;;;;;;;;;;;;;;;;;;rh;F73;;;;;;;;;;;;;;;;;;;;;;;
F75;F;1500;1;;400x600, 600x900;;;;;;;;;Afmetingen;;;;;;;;;;;;;;;;;;rh;F75;;;;;;;;;;;;;;;;;;;;;;;
F77;F;1500;1;;400x600, 600x900;;;;;;;;;Afmetingen;;;;;;;;;;;;;;;;;;rh;F77;;;;;;;;;;;;;;;;;;;;;;;
F79;F;1500;3;;1100x1300, 2000x2500;m, km;2 naar 1, 3 naar 2, 4 naar 3;van links naar rechts, van rechts naar links;number;;;;;Afmetingen;Eenheid afstand;Reductie rijstroken;Kant samenvoegen;Afstand;;;;;;;;;;;;;;rh;F79;;F79;;;;;;;;;;;;;;;;;;;;;ja
F8;F;1500;2;;400x600, 600x900;;;;;;;;;Afmetingen;;;;;;;;;;;;;;;;;;rh;F8;;;;;;;;;;;;;;;;;;;;;;;
F81;F;1500;3;;1100x1300, 2000x2500;m, km;1, 2, 3, 4;uitwijken van links naar rechts,  uitwijken van rechts naar links;number;;;;;Afmetingen;Eenheid afstand;Aantal rijstroken;Richting uitwijken;Afstand;;;;;;;;;;;;;;rh;F81;;F81;;;;;;;;;;;;;;;;;;;;;ja
F83;F;1500;3;;1100x1300, 2000x2500;m, km;1, 2, 3, 4;uitwijken van links naar rechts,  uitwijken van rechts naar links;number;;;;;Afmetingen;Eenheid afstand;Aantal rijstroken;Richting uitwijken;Afstand;;;;;;;;;;;;;;rh;F83;;F83;;;;;;;;;;;;;;;;;;;;;ja
F85;F;1500;3;;1100x1750, 1500x1750, 2000x1750;1, 2, 3, 4;onder, boven;onder, boven;onder, boven;onder, boven;;;;Afmetingen;Aantal rijstroken;Richting rijstrook 1;Richting rijstrook 2;Richting rijstrook 3;Richting rijstrook 4;;;;;;Selectie2 >= 1;Selectie2 >= 2;Selectie2 >= 3;Selectie2 >= 4;;;;rh;F85;;F85;;;;;;;;;;;;;;;;;;;;;ja
F87;F;1500;2;;400x400, 700x700, 900x900;;;;;;;;;Afmetingen;;;;;;;;;;;;;;;;;;rh;F87;;;;;;;;;;;;;;;;;;;;;;;
F9;F;1500;2;;900x900;;;;;;;;;Afmetingen;;;;;;;;;;;;;;;;;;rh;F9;;;;;;;;;;;;;;;;;;;;;;;
F93;F;1500;2;;400x600, 600x900;text;;;;;;;;Afmetingen;FM-frequentie;;;;;;;;;;;;;;;;;rh;F93;F93;;;;;;;;;;;;;;;;;;;;;;ja
F95;F;1500;2;;400x600, 600x900;;;;;;;;;Afmetingen;;;;;;;;;;;;;;;;;;rh;F95;;;;;;;;;;;;;;;;;;;;;;;
F97;F;1500;2;;600x900, 900x900, 1100x900, 1500x900;2 naar 1, 3 naar 2, 4 naar 3;van links naar rechts, van rechts naar links;;;;;;;Afmetingen;Reductie rijstroken;Kant samenvoegen;;;;;;;;;;;;;;;;rh;F97;;F97;;;;;;;;;;;;;;;;;;;;;ja
F98;F;1500;2;;400x600, 600x900;;;;;;;;;Afmetingen;;;;;;;;;;;;;;;;;;rh;F98;;;;;;;;;;;;;;;;;;;;;;;
F99a;F;1500;1;;400x400, 700x700, 900x900;;;;;;;;;Afmetingen;;;;;;;;;;;;;;;;;;rh;F99a;;;;;;;;;;;;;;;;;;;;;;;ja
F99b;F;1500;1;;400x400, 700x700, 900x900;;;;;;;;;Afmetingen;;;;;;;;;;;;;;;;;;rh;F99b;;;;;;;;;;;;;;;;;;;;;;;ja
F99c;F;1500;1;;400x400, 700x700, 900x900;;;;;;;;;Afmetingen;;;;;;;;;;;;;;;;;;rh;F99c;;;;;;;;;;;;;;;;;;;;;;;ja
GIa;G;1500;;;700x200, 900x300, 1100x300;m, km;decimal;;;;;;;Afmetingen;Eenheid afstand;Afstand;;;;;;;;;;;;;;;;rh;GIa;;O type Ia;;;;;;;;;;;;;;;;;;;;;ja
GIb;G;1500;3;;700x200, 900x300, 1100x300;m, km;decimal;;;;;;;Afmetingen;Eenheid afstand;Afstand;;;;;;;;;;;;;;;;rh;GIb;;O type Ib;;;;;;;;;;;;;;;;;;;;;ja
GII;G;1500;3;;700x200, 900x300, 1100x300;m, km;decimal;;;;;;;Afmetingen;Eenheid afstand;Afstand;;;;;;;;;;;;;;;;rh;GII;;O type II;;;;;;;;;;;;;;;;;;;;;ja
GIII;G;1500;3;;700x200, 900x200, 900x300, 1100x300, 600x400, 900x600;Tekst, Symbool, Vrije ingave;BIJ NAT WEGDEK, BIJ REGEN, BRUGDEK, FIETSPAD IN SLECHTE STAAT, FIETSERS, MIST, OPGEPAST FIETSERS, PLATEAU, SMOG, SPOORVORMING, STEENGROEVE, VERKEERSPLATEAU, VERVORMD WEGDEK, WEGDEK IN SLECHTE STAAT, ZACHTE BERM;Fabriek, Ijzel, Langsgroeven, Spoorvorming, Uitrit Vrachtwagen;opschriften;;;;;Afmetingen;Met tekst, symbool of vrije ingave;Tekst;Symbool;"Vrije Tekst 
(HOOFDLETTERS!)";;;;;;;Selectie2 == 'Tekst';Selectie2 == 'Symbool';Selectie2 == 'Vrije ingave';;;;;rh;GIII-{0}-{1}-{2};GIII;;;;;;;;;;;;;;;;;;;;;;ja
GIV;G;1500;3;;700x200, 900x300, 1100x300, 600x400, 900x600;Tekst, Vrije ingave;UITGEZ. -3t5, UITGEZ. -5t, UITGEZ. -7t5, UITGEZ. BUS, UITGEZONDERD AANGELANDEN, UITGEZONDERD BEWONERS, UITGEZONDERD BUS, UITGEZONDERD DE LIJN, UITGEZONDERD DIENSTEN, UITGEZONDERD DIENSTVOERTUIGEN, UITGEZONDERD FIETSERS, UITGEZONDERD HULPDIENSTEN, UITGEZONDERD LADEN EN LOSSEN, UITGEZONDERD LANDBOUWVOERTUIGEN,  UITGEZONDERD PLAATSELIJK VERKEER, UITGEZONDERD PLAATSELIJKE BEDIENING;opschriften;;;;;;Afmetingen;Met tekst of vrije ingave;Tekst;Vrije Tekst (HOOFDLETTERS!);;;;;;;;Selectie2 == 'Tekst';Selectie2 == 'Vrije ingave';;;;;;rh;GIV_{0}_{1};GIV;;;;;;;;;;;;;;;;;;;;;;ja
GIX;G;1500;3;;400x600, 600x900;2 naar 1, 3 naar 2, 4 naar 3;van links naar rechts, van rechts naar links;;;;;;;Afmetingen;Reductie rijstroken;Kant versmalling;;;;;;;;;;;;;;;;rh;GIX;;O type IX;;;;;;;;;;;;;;;;;;;;;ja
GV;G;1500;1;;700x200, 900x300;uren, dagen, uren en dagen;maandag, dinsdag, woensdag, donderdag, vrijdag, zaterdag, zondag;maandag, dinsdag, woensdag, donderdag, vrijdag, zaterdag, zondag;number;number;;;;Afmetingen;Type;Van dag;Tot dag;Van uur;Tot uur;;;;;;Selectie2 == 'dagen' || Selectie2 == 'uren en dagen';Selectie2 == 'dagen' || Selectie2 == 'uren en dagen';Selectie2 == 'uren' || Selectie2 == 'uren en dagen';Selectie2 == 'uren' || Selectie2 == 'uren en dagen';;;;rh;GV;;O type V;;;;;;;;;;;;;;;;;;;;;ja
GVI;G;1500;3;;700x200, 900x300, 1100x300;;;;;;;;;Afmetingen;;;;;;;;;;;;;;;;;;rh;GVI;;O type VI;;;;;;;;;;;;;;;;;;;;;
GVIIa;G;1500;1;;450x200;decimal;;;;;;;;Afmetingen;Tonnage;;;;;;;;;;;;;;;;;rh;GVIIa;GVIIa;;;;;;;;;;;;;;;;;;;;;;ja
GVIIb;G;1500;1;;450x200;;;;;;;;;Afmetingen;;;;;;;;;;;;;;;;;;rh;GVIIb;;;;;;;;;;;;;;;;;;;;;;;
GVIIc;G;1500;1;;700x200;number;;;;;;;;Afmetingen;Aantal minuten;;;;;;;;;;;;;;;;;rh;GVIIc;GVIIc;;;;;;;;;;;;;;;;;;;;;;ja
GVIId;G;1500;1;;450x200, 700x200;Tekst, Symbool, Vrije ingave;Autodelen, Betalend, Bewoners, Carpool, P+R, Parkeerkaart, Taxis, Ticket;Elektrisch voertuig, Elektrische auto, Mindervalide, Kampeerwagen;opschriften;;;;;Afmetingen;Met tekst, symbool of vrije ingave;Tekst;Symbool;Vrije Tekst;;;;;;;Selectie2 == 'Tekst';Selectie2 == 'Symbool';Selectie2 == 'Vrije ingave';;;;;rh;GVIId-{0}-{1}-{2};GVIId;;;;;;;;;;;;;;;;;;;;;;ja
GVIII;G;1500;1;;700x700;1, 2, 3, 4;van onder naar links, van onder naar rechts, van boven naar links, van boven naar rechts;links, rechts, boven, onder;links, rechts, boven, onder;;;;;Afmetingen;Aantal wegen die samenkomen;Richting hoofdweg;Richting andere weg 1;Richting andere weg 2;;;;;;;;Selectie2 >= 3;Selectie2 == 4;;;;;rh;GVIII;;O type VIII;;;;;;;;;;;;;;;;;;;;;ja
GXa;G;1670;1;;100x400;;;;;;;;;Afmetingen;;;;;;;;;;;;;;;;;;rh;GXa;;;;;;;;;;;;;;;;;;;;;;;
GXb;G;1670;1;;100x400;;;;;;;;;Afmetingen;;;;;;;;;;;;;;;;;;rh;GXb;;;;;;;;;;;;;;;;;;;;;;;
GXc;G;1670;1;;100x400;number;;;;;;;;Afmetingen;Afstand (m);;;;;;;;;;;;;;;;;rh;GXc;GXc;;;;;;;;;;;;;;;;;;;;;;
GXd;G;1670;1;;100x400;;;;;;;;;Afmetingen;;;;;;;;;;;;;;;;;;rh;GXd;;;;;;;;;;;;;;;;;;;;;;;
GXI;G;1500;2;;400x400, 700x700, 900x900;links, rechts;;;;;;;;Afmetingen;Richting;;;;;;;;;;;;;;;;;rh;GXIL, GXIR;;;;;;;;;;;;;;;;;;;;;;;
GXII;G;1500;2;;450x300, 600x400, 900x600;B, C, D, E;;;;;;;;Afmetingen;Categorie;;;;;;;;;;;;;;;;;rh;GXIIB, GXIIC, GXIID, GXIIE;;;;;;;;;;;;;;;;;;;;;;;
IE1;#AWV;1500;1;;400x600, 600x900;;;;;;;;;Afmetingen;;;;;;;;;;;;;;;;;;rh;IE1;;;;;;;;;;;;;;;;;;;;;;;
IF1;#AWV;1500;1;;400x600;;;;;;;;;Afmetingen;;;;;;;;;;;;;;;;;;rh;IF1;;;;;;;;;;;;;;;;;;;;;;;
IF12;#AWV;1500;1;;2250x2750;;;;;;;;;;;;;;;;;;;;;;;;;;;rh;IF12;;;;;;;;;;;;;;;;;;;;;;;
IF16;#AWV;1500;2;;400x600, 600x900;links, rechts;;;;;;;;Afmetingen;Richting pijl;;;;;;;;;;;;;;;;;rh;IF16L, IF16R;;;;;;;;;;;;;;;;;;;;;;;
IF2;#AWV;1000;2;;600x400, 900x600;;;;;;;;;Afmetingen;;;;;;;;;;;;;;;;;;rh;IF2;;;;;;;;;;;;;;;;;;;;;;;
IF3;#AWV;1500;2;;900x600;;;;;;;;;;;;;;;;;;;;;;;;;;;rh;IF3;;;;;;;;;;;;;;;;;;;;;;;
IF4a;#AWV;1500;1;;1700x1100;;;;;;;;;Afmetingen;;;;;;;;;;;;;;;;;;rh;IF4a;;;;;;;;;;;;;;;;;;;;;;;
IF4b;#AWV;1500;1;;1300x900;;;;;;;;;Afmetingen;;;;;;;;;;;;;;;;;;rh;IF4b;;;;;;;;;;;;;;;;;;;;;;;
IF4c;#AWV;1500;1;;600x400, 900x600, 1700x1100;;;;;;;;;Afmetingen;;;;;;;;;;;;;;;;;;rh;IF4c;;;;;;;;;;;;;;;;;;;;;;;
IF7a;#AWV;1500;1;;2500x3000;2 tekens,3 tekens;;;;;;;;Afmetingen;Aantal tekens;;;;;;;;;;;;;;;;;rh;IF7a2,IF7a3;;;;;;;;;;;;;;;;;;;;;;;
IF7b;#AWV;1500;1;;2500x3000;;;;;;;;;Afmetingen;;;;;;;;;;;;;;;;;;rh;IF7b;;;;;;;;;;;;;;;;;;;;;;;
IF8a;#AWV;1500;1;;400x600;;;;;;;;;;;;;;;;;;;;;;;;;;;rh;IF8a;;;;;;;;;;;;;;;;;;;;;;;
IF8b;#AWV;1500;1;;400x600;;;;;;;;;;;;;;;;;;;;;;;;;;;rh;IF8b;;;;;;;;;;;;;;;;;;;;;;;
IF9a;#AWV;1000;1;;600x400, 700x200;number;number;number;number;;;;;Afmetingen;Type weg;Wegnummer;Volgnummer;Index;;;;;;;;;;;;;;rh;IF9a-{-1};IF9a-{-1};;;;;;;;;;;;;;;;;;;;;;
IF9b;#AWV;1000;1;;600x400;number;;;;;;;;Afmetingen;Kunstwerknummer;;;;;;;;;;;;;;;;;rh;IF9b;IF9b;;;;;;;;;;;;;;;;;;;;;;
IF9c;#AWV;1000;1;;450x200;number;;;;;;;;Afmetingen;Kunstwerknummer;;;;;;;;;;;;;;;;;rh;IF9c;IF9c;;;;;;;;;;;;;;;;;;;;;;
IF9d;#AWV;1000;1;;450x200;number;number;;;;;;;Afmetingen;District links;District rechts;;;;;;;;;;;;;;;;rh;IF9d;IF9d;;;;;;;;;;;;;;;;;;;;;;
IF13a;#AWV;1500;1;;400x400;;;;;;;;;Afmetingen;;;;;;;;;;;;;;;;;;rh;IF13a;;;;;;;;;;;;;;;;;;;;;;;
IF13b;#AWV;1500;1;;225x225;;;;;;;;;Afmetingen;;;;;;;;;;;;;;;;;;rh;IF13b;;;;;;;;;;;;;;;;;;;;;;;
IF13c;#AWV;2100;1;;200x250;;;;;;;;;Afmetingen;;;;;;;;;;;;;;;;;;rh;IF13c;;;;;;;;;;;;;;;;;;;;;;;
IG1;#AWV;1500;1;;1100x1100,2000x2000;;;;;;;;;Afmetingen;;;;;;;;;;;;;;;;;;rh;IG1;;;;;;;;;;;;;;;;;;;;;;;
IG2;#AWV;1500;1;;1100x1100,2000x2000;;;;;;;;;Afmetingen;;;;;;;;;;;;;;;;;;rh;IG2;;;;;;;;;;;;;;;;;;;;;;;
IG3;#AWV;1500;1;;1500x1300,2500x2250;Antwerpen,Limburg,Oost-Vlaanderen,Vlaams-Brabant,West-Vlaanderen ;;;;;;;;Afmetingen;Provincie;;;;;;;;;;;;;;;;;rh;IG3_WA,IG3_WL,IG3_WOV,IG3_WVB,IG3_WWV;;;;;;;;;;;;;;;;;;;;;;;
IG4;#AWV;1500;1;;1250x1750,2000x2750;;;;;;;;;Afmetingen;;;;;;;;;;;;;;;;;;rh;IG4;;;;;;;;;;;;;;;;;;;;;;;
IG5;#AWV;1500;1;;1100x1700,2000x2750;;;;;;;;;Afmetingen;;;;;;;;;;;;;;;;;;rh;IG5;;;;;;;;;;;;;;;;;;;;;;;
IG6;#AWV;1500;1;;1100x1700,2000x2750;;;;;;;;;Afmetingen;;;;;;;;;;;;;;;;;;rh;IG6;;;;;;;;;;;;;;;;;;;;;;;
IM1;#AWV;1500;1;;450x200;;;;;;;;;Afmetingen;;;;;;;;;;;;;;;;;;rh;IM1;;;;;;;;;;;;;;;;;;;;;;;
IM2;#AWV;1000;1;;400x200;;;;;;;;;Afmetingen;;;;;;;;;;;;;;;;;;rh;IM2;;;;;;;;;;;;;;;;;;;;;;;
IM3;#AWV;1500;3;;900x600;;;;;;;;;Afmetingen;;;;;;;;;;;;;;;;;;rh;IM3;;;;;;;;;;;;;;;;;;;;;;;
IM4;#AWV;1500;1;;900x600;;;;;;;;;Afmetingen;;;;;;;;;;;;;;;;;;rh;IM4;;;;;;;;;;;;;;;;;;;;;;;
IR10a;#AWV;1000;1;;400x400;text;text;number;text;text;;;;Afmetingen;Opschrift;Autosnelweg;Richting;Europese weg;Europese weg (2);;;;;;;;;;;;;rh;IR10a;IR10a;;;;;;;;;;;;;;;;;;;;;;
IR10b;#AWV;1000;1;;400x400;text;text;number;text;;;;;Afmetingen;Opschrift;Autosnelweg;Richting;Europese weg;;;;;;;;;;;;;;rh;IR10b;IR10b;;;;;;;;;;;;;;;;;;;;;;
IR10c;#AWV;1000;1;;400x400;text;text;number;;;;;;Afmetingen;Opschrift;Autosnelweg;Richting;;;;;;;;;;;;;;;rh;IR10c;IR10c;;;;;;;;;;;;;;;;;;;;;;
IR11;#AWV;1000;1;;400x400;N, R;text;text;number;;;;;Afmetingen;op N of R-weg;Opschrift;Gewestwegnummer (inc. letter);Richting;;;;;;;;;;;;;;rh;IR11-{0};IR11-{0};;;;;;;;;;;;;;;;;;;;;;
IR12;#AWV;1000;1;;225x225;neen, ja;N, R;text;text;number;;;;Afmetingen;Letter aanwezig;Op N of R-weg;Opschrift;Gewestwegnummer (inc. letter);Richting;;;;;;;;;Selectie2=='ja';;;;rh;IR12-{0}-{1};IR12-{0}-{1};;;;;;;;;;;;;;;;;;;;;;
IR1b;#AWV;1000;1;;400x400, 700x700;number;text;;;;;;;Afmetingen;Kilometer;Gewestwegnummer;;;;;;;;;;;;;;;;rh;IR1b;IR1b;;;;;;;;;;;;;;;;;;;;;;
IR1c;#AWV;0;;;400x400, 700x700;number;text;;;;;;;Afmetingen;Kilometer;Gewestwegnummer;;;;;;;;;;;;;;;;rh;IR1c;IR1c;;;;;;;;;;;;;;;;;;;;;;
IR1d;#AWV;0;;;400x400, 700x700;number;text;;;;;;;Afmetingen;Kilometer;Gewestwegnummer;;;;;;;;;;;;;;;;rh;IR1d;IR1d;;;;;;;;;;;;;;;;;;;;;;
IR2b;#AWV;1000;1;;450x200;decimal;;;;;;;;Afmetingen;Kilometer;;;;;;;;;;;;;;;;;rh;IR2b;IR2b;;;;;;;;;;;;;;;;;;;;;;
IR2c;#AWV;0;;;450x200;decimal;;;;;;;;Afmetingen;Kilometer;;;;;;;;;;;;;;;;;rh;IR2c;IR2c;;;;;;;;;;;;;;;;;;;;;;
IR2d;#AWV;0;;;450x200;decimal;;;;;;;;Afmetingen;Kilometer;;;;;;;;;;;;;;;;;rh;IR2d;IR2d;;;;;;;;;;;;;;;;;;;;;;
IR3a;#AWV;1000;1;;450x200;number;text;;;;;;;Afmetingen;Kilometer;Ident7;;;;;;;;;;;;;;;;rh;IR3a;IR3a;;;;;;;;;;;;;;;;;;;;;;
IR3b;#AWV;1000;1;;450x200;decimal;text;;;;;;;Afmetingen;Kilometer;Ident7;;;;;;;;;;;;;;;;rh;IR3b;IR3b;;;;;;;;;;;;;;;;;;;;;;
IT1;#AWV;1500;1;;3710x2300;text;;;;;;;;Afmetingen;Stad/Regio;;;;;;;;;;;;;;;;;rh;IT1;IT1;;;;;;;;;;;;;;;;;;;;;;ja
ITRS;#AWV;1500;1;;600x900, 900x600, 600x1100, 1100x600, 1250x300, 1500x 1700, 1500x2500, 1750x2500;opschriften;;;;;;;;Afmetingen;Opschriften;;;;;;;;;;;;;;;;;rh;ITRS;ITRS;;;;;;;;;;;;;;;;;;;;;;
IV1;#AWV;170;3;;160x800;;;;;;;;;Afmetingen;;;;;;;;;;;;;;;;;;rh;IV1;;;;;;;;;;;;;;;;;;;;;;;
IV2;#AWV;0;;;500x1100,500x1500;Geen,C1,D1c,D1d,F21;;;;;;;;Afmetingen;Bovenbord;;;;;;;;;;;;;;;;;rh;IV2_geen,IV2_C1,IV2_D1c,IV2_D1d,IV2_F21;;;;;;;;;;;;;;;;;;;;;;;
IV3;#AWV;0;;;500x350;;;;;;;;;Afmetingen;;;;;;;;;;;;;;;;;;rh;IV3;;;;;;;;;;;;;;;;;;;;;;;
IV4;#AWV;1500;;;700x200,900x200;;;;;;;;;Afmetingen;;;;;;;;;;;;;;;;;;rh;IV4;;;;;;;;;;;;;;;;;;;;;;;
IV5;#AWV;0;2;;190x730;geel, groen, rood;;;;;;;;Afmetingen;Kleur;;;;;;;;;;;;;;;;;rh;IV5_{0};;;;;;;;;;;;;;;;;;;;;;;
IV6;#AWV;0;;;130x820;;;;;;;;;Afmetingen;;;;;;;;;;;;;;;;;;rh;IV6;;;;;;;;;;;;;;;;;;;;;;;
IV7;#AWV;0;nvt;;150, 300;;;;;;;;;Afmetingen;;;;;;;;;;;;;;;;;;ro;IV7;;;;;;;;;;;;;;;;;;;;;;;
IVMS1;#AWV;1500;nvt;;600x900;30, 50, 70;;;;;;;;Afmetingen;Snelheidsregime;;;;;;;;;;;;;;;;;rh;IVMS1-{0};;;;;;;;;;;;;;;;;;;;;;;
IVMS2;#AWV;1500;nvt;;600x900;30, 50, 70;;;;;;;;Afmetingen;Snelheidsregime;;;;;;;;;;;;;;;;;rh;IVMS2-{0};;;;;;;;;;;;;;;;;;;;;;;
IW4;#AWV;1500;3;;1500x900;;;;;;;;;Afmetingen;;;;;;;;;;;;;;;;;;rh;IW4;;;;;;;;;;;;;;;;;;;;;;;
IW6;#AWV;1500;3;;1500x900;;;;;;;;;Afmetingen;;;;;;;;;;;;;;;;;;rh;IW6;;;;;;;;;;;;;;;;;;;;;;;
IW1;#AWV;1500;3;;900x700,1300x1100;Autosnelweg,Gewestweg;;;;;;;;Afmetingen;Type weg;;;;;;;;;;;;;;;;;rh;IW1_A,IW1_N;;;;;;;;;;;;;;;;;;;;;;;
M1;M;1000;1;;400x200;;;;;;;;;Afmetingen;;;;;;;;;;;;;;;;;;rh;M1-{-1};;;;;;;;;;;;;;;;;;;;;;;
M10;M;1500;2;;400x400,700x400;;;;;;;;;Afmetingen;;;;;;;;;;;;;;;;;;rh;M10-{-1};;;;;;;;;;;;;;;;;;;;;;;
M11;M;1500;1;;400x300,700x400;;;;;;;;;Afmetingen;;;;;;;;;;;;;;;;;;rh;M11-{-1};;;;;;;;;;;;;;;;;;;;;;;
M12;M;1500;1;;400x300,700x400;;;;;;;;;Afmetingen;;;;;;;;;;;;;;;;;;rh;M12-{-1};;;;;;;;;;;;;;;;;;;;;;;
M13;M;1000;1;;400x300;;;;;;;;;Afmetingen;;;;;;;;;;;;;;;;;;rh;M13-{-1};;;;;;;;;;;;;;;;;;;;;;;
M14;M;1000;1;;400x300;;;;;;;;;Afmetingen;;;;;;;;;;;;;;;;;;rh;M14-{-1};;;;;;;;;;;;;;;;;;;;;;;
M15;M;1000;1;;400x300;;;;;;;;;Afmetingen;;;;;;;;;;;;;;;;;;rh;M15-{-1};;;;;;;;;;;;;;;;;;;;;;;
M16;M;1000;1;;400x300;;;;;;;;;Afmetingen;;;;;;;;;;;;;;;;;;rh;M16-{-1};;;;;;;;;;;;;;;;;;;;;;;
M17;M;1500;2;;400x400,700x400;;;;;;;;;Afmetingen;;;;;;;;;;;;;;;;;;rh;M17-{-1};;;;;;;;;;;;;;;;;;;;;;;
M18;M;1500;2;;400x400,700x400;;;;;;;;;Afmetingen;;;;;;;;;;;;;;;;;;rh;M18-{-1};;;;;;;;;;;;;;;;;;;;;;;
M19;M;1000;1;;400x300;;;;;;;;;Afmetingen;;;;;;;;;;;;;;;;;;rh;M19-{-1};;;;;;;;;;;;;;;;;;;;;;;
M2;M;1500;1;;400x300,700x400;;;;;;;;;Afmetingen;;;;;;;;;;;;;;;;;;rh;M2-{-1};;;;;;;;;;;;;;;;;;;;;;;
M20;M;1000;1;;400x400;;;;;;;;;Afmetingen;;;;;;;;;;;;;;;;;;rh;M20-{-1};;;;;;;;;;;;;;;;;;;;;;;
M3;M;1500;1;;400x300,700x400;;;;;;;;;Afmetingen;;;;;;;;;;;;;;;;;;rh;M3-{-1};;;;;;;;;;;;;;;;;;;;;;;
M3bis;M;1500;1;;400x300,700x400;;;;;;;;;Afmetingen;;;;;;;;;;;;;;;;;;rh;M3bis-{-1};;;;;;;;;;;;;;;;;;;;;;;
M4;M;1500;2;;400x200,700x200;;;;;;;;;Afmetingen;;;;;;;;;;;;;;;;;;rh;M4-{-1};;;;;;;;;;;;;;;;;;;;;;;
M5;M;1500;2;;400x400,700x400;;;;;;;;;Afmetingen;;;;;;;;;;;;;;;;;;rh;M5-{-1};;;;;;;;;;;;;;;;;;;;;;;
M5bis;M;1500;2;;400x400,700x400;;;;;;;;;Afmetingen;;;;;;;;;;;;;;;;;;rh;M5bis-{-1};;;;;;;;;;;;;;;;;;;;;;;
M6;M;1000;1;;400x300;;;;;;;;;Afmetingen;;;;;;;;;;;;;;;;;;rh;M6-{-1};;;;;;;;;;;;;;;;;;;;;;;
M7;M;1000;1;;400x300;;;;;;;;;Afmetingen;;;;;;;;;;;;;;;;;;rh;M7-{-1};;;;;;;;;;;;;;;;;;;;;;;
M8;M;1000;1;;400x400;;;;;;;;;Afmetingen;;;;;;;;;;;;;;;;;;rh;M8-{-1};;;;;;;;;;;;;;;;;;;;;;;
M9;M;1500;2;;400x400;;;;;;;;;Afmetingen;;;;;;;;;;;;;;;;;;rh;M9-{-1};;;;;;;;;;;;;;;;;;;;;;;
TR;TR;1000;1;;150, 288, 530;AUTO, FIETS, RUITER, WANDEL;W, NW, N, NO, O;text;decimal;;;;;Hoogte;Type;Richting;Naam route;km;;;;;;;;;Selectie2 == 'FIETS' || Selectie2 == 'WANDEL';;;;;zh;TR-{0}-{1};TR-{0};;;;;;;;;;;;;;;;;;;;;;ja
Type Ia.1;Type;450;3;;300x1100, 400x1600, 400x1500;;;;;;;;;Afmetingen;;;;;;;;;;;;;;;;;;rh;Type Ia.1;;;;;;;;;;;;;;;;;;;;;;;
Type Ia.2;Type;450;3;;300x1100, 400x1600, 400x1500;;;;;;;;;Afmetingen;;;;;;;;;;;;;;;;;;rh;Type Ia.2;;;;;;;;;;;;;;;;;;;;;;;
Type Ib.1;Type;450;3;;300x1100, 400x1600, 400x1500;;;;;;;;;Afmetingen;;;;;;;;;;;;;;;;;;rh;Type Ib.1;;;;;;;;;;;;;;;;;;;;;;;
Type Ib.2;Type;450;3;;300x1100, 400x1600, 400x1500;;;;;;;;;Afmetingen;;;;;;;;;;;;;;;;;;rh;Type Ib.2;;;;;;;;;;;;;;;;;;;;;;;
Type Ic;Type;450;3;;300x1100, 400x1600, 400x1500;;;;;;;;;Afmetingen;;;;;;;;;;;;;;;;;;rh;Type Ic;;;;;;;;;;;;;;;;;;;;;;;
Type Id;Type;1000;3;;700x1100, 1100x1700, 1500x2250;;;;;;;;;Afmetingen;;;;;;;;;;;;;;;;;;rh;Type Id;;;;;;;;;;;;;;;;;;;;;;;
Type IIa;Type;450;2;;300x1100, 400x1600, 400x1500;;;;;;;;;Afmetingen;;;;;;;;;;;;;;;;;;rh;Type IIa;;;;;;;;;;;;;;;;;;;;;;;
Type IIb;Type;450;2;;300x1100, 400x1600, 400x1500;;;;;;;;;Afmetingen;;;;;;;;;;;;;;;;;;rh;Type IIb;;;;;;;;;;;;;;;;;;;;;;;
Type IIc;Type;450;3;;70x1000;;;;;;;;;Afmetingen;;;;;;;;;;;;;;;;;;rh;Type IIc;;;;;;;;;;;;;;;;;;;;;;;
Type IId;Type;0;3;;500x780;;;;;;;;;Afmetingen;;;;;;;;;;;;;;;;;;rh;Type IId;;;;;;;;;;;;;;;;;;;;;;;
Type IIIa;Type;450;2;;200x450;;;;;;;;;Afmetingen;;;;;;;;;;;;;;;;;;rh;Type IIIa;;;;;;;;;;;;;;;;;;;;;;;
Type IIIb;Type;450;2;;200x450;;;;;;;;;Afmetingen;;;;;;;;;;;;;;;;;;rh;Type IIIb;;;;;;;;;;;;;;;;;;;;;;;
Type V;Type;1000;3;;400x400, 700x700, 900x900;links,rechts;;;;;;;;Afmetingen;Richting;;;;;;;;;;;;;;;;;rh;Type V_links, Type V_rechts;;;;;;;;;;;;;;;;;;;;;;;
Type Va;Type;1000;3;;1100x300,2000x500,3000x500;links, rechts;;;;;;;;Afmetingen;Richting;;;;;;;;;;;;;;;;;rh;Type Va_Links, Type Va_Rechts;;;;;;;;;;;;;;;;;;;;;;;
Type Vb;Type;1000;3;;1100x300,2000x500,3000x500;;;;;;;;;Afmetingen;;;;;;;;;;;;;;;;;;rh;Type Vb;;;;;;;;;;;;;;;;;;;;;;;
Fxx-BIN;#XX;1500;1;;400x400,700x700;;;;;;;;;Afmetingen;;;;;;;;;;;;;;;;;;rh;Fxx-BIN;;;;;;;;;;;;;;;;;;;;;;;
Fxx-CAM;#XX;1500;1;;400x600;;;;;;;;;Afmetingen;;;;;;;;;;;;;;;;;;rh;Fxx-CAM;;;;;;;;;;;;;;;;;;;;;;;
Fxx-Spelende kinderen;#XX;2100;1;;600x400, 900x600;;;;;;;;;Afmetingen;;;;;;;;;;;;;;;;;;rh;Fxx-Spelende kinderen;;;;;;;;;;;;;;;;;;;;;;;ja
Z;Z;1500;2;;600x900,400x600,600x1600,1600x600,400x1000,1000x400;ja, neen;zonebord-code;zonebord-parameters;opschriften;zonebord-code;zonebord-parameters;opschriften;;Afmetingen;Doorstreept;Code bord 1;Parameters bord 1;Opschrift bord 1;Code bord 2;Parameters bord 2;Opschrift bord 2;;;;;;;hoogte >= 1000 || breedte >= 1000;hoogte >= 1000 || breedte >= 1000;hoogte >= 1000 || breedte >= 1000;;rh;Z;;Zonebord;;;;;;;;;;;;;;;;;;;;;ja
ZF111;Z;2100;2;;400x600, 600x900;;;;;;;;;Afmetingen;;;;;;;;;;;;;;;;;;rh;ZF111;;;;;;;;;;;;;;;;;;;;;;;
ZF113;Z;2100;2;;400x600, 600x900;;;;;;;;;Afmetingen;;;;;;;;;;;;;;;;;;rh;ZF113;;;;;;;;;;;;;;;;;;;;;;;
FtsRt;TR;1000;1;;221x281, 221x400, 221x567;Aanlooproutebord, Aankondigingsbord, Doorverwijzingsbord, Knooppuntenbord, LandelijkeFietsroute;Geen, Links, Rechtdoor, Rechts, RechtdoorLinks, RechtdoorRechts, RechtsLinks, RechtdoorRechtsLinks;number;number;number;text;number;;Afmetingen;Soort Bord;Keuze pijlen;Knooppuntbordnummer 1;Knooppuntbordnummer 2;Knooppuntbordnummer 3;Routenaam;Route/Knooppuntnummer;;;;;Selectie2=='Knooppuntenbord'&&(Selectie3=='RechtdoorRechtsLinks'||Selectie3=='RechtdoorRechts'||Selectie3=='RechtdoorLinks'||Selectie3=='RechtsLinks'||Selectie3=='Rechtdoor'||Selectie3=='Rechts'||Selectie3=='Links');Selectie2=='Knooppuntenbord'&&(Selectie3=='RechtdoorRechtsLinks'||Selectie3=='RechtdoorRechts'||Selectie3=='RechtdoorLinks'||Selectie3=='RechtsLinks');Selectie2=='Knooppuntenbord'&&Selectie3=='RechtdoorRechtsLinks';;;;rh;FtsRt-{0}-{1};FtsRt-{0}-{1};;;;;;;;;;;;;;;;;;;;;;ja
WdRt;TR;1000;1;;130x170, 130x217, 130x280;Doorverwijzingsbord, Knooppuntenbord;Links, Rechtdoor, Rechts, RechtdoorLinks, RechtdoorRechts, RechtsLinks, RechtdoorRechtsLinks;number;number;number;text;number;;Afmetingen;Soort Bord;Keuze pijlen;Knooppuntbordnummer 1;Knooppuntbordnummer 2;Knooppuntbordnummer 3;Routenaam;Route/Knooppuntnummer;;;;;Selectie2=='Knooppuntenbord'&&(Selectie3=='RechtdoorRechtsLinks'||Selectie3=='RechtdoorRechts'||Selectie3=='RechtdoorLinks'||Selectie3=='RechtsLinks'||Selectie3=='Rechtdoor'||Selectie3=='Rechts'||Selectie3=='Links');Selectie2=='Knooppuntenbord'&&(Selectie3=='RechtdoorRechtsLinks'||Selectie3=='RechtdoorRechts'||Selectie3=='RechtdoorLinks'||Selectie3=='RechtsLinks');Selectie2=='Knooppuntenbord'&&Selectie3=='RechtdoorRechtsLinks';;;;rh;Wrt-{0}-{1};Wrt-{0}-{1};;;;;;;;;;;;;;;;;;;;;;
XX-Bewaakte zone;#XX;2100;1;;400, 700, 900;;;;;;;;;Afmetingen;;;;;;;;;;;;;;;;;;ro;XX-Bewaakte zone;;;;;;;;;;;;;;;;;;;;;;;
XX-Onbewaakte zone;#XX;2100;1;;400, 700, 900;;;;;;;;;Afmetingen;;;;;;;;;;;;;;;;;;ro;XX-Onbewaakte zone;;;;;;;;;;;;;;;;;;;;;;;
XX-Surfzone;#XX;2100;1;;400, 700, 900;;;;;;;;;Afmetingen;;;;;;;;;;;;;;;;;;ro;XX-Surfzone;;;;;;;;;;;;;;;;;;;;;;;
XX;#XX;1500;1;;150x200, 225x225, 300x450, 300x1100, 400x200,400x300,400x400,400x600,400x600,450x200,450x300,600x300,600x400,600x700,600x900,600x1100,600x1300,700x200,700x400,700x700,700x900,700x1100,700x1300,500x500,750x500,800x300,800x400,900x150,900x250,900x300,900x600,900x700,900x900,900x1100,900x1300,1000x500,1100x200,1100x300,1100x400,1100x600,1100x700,1100x900,1200x150,1200x250,1200x400,1300x180,1300x300,1300x600,1300x700,1300x900,1400x300,1500x300,1700x300,2000x500;opschriften;;;;;;;;Afmetingen;Opschriften;;;;;;;;;;;;;;;;;rh;XX;XX;;;;;;;;;;;;;;;;;;;;;;ja
XX-Straatnaam;#XX;2100;1;;600x200;opschriften;;;;;;;;Afmetingen;Opschriften;;;;;;;;;;;;;;;;;rh;XX-Straatnaam;XX-Straatnaam;;;;;;;;;;;;;;;;;;;;;;
